id,name,author,title,created_utc,created_at,num_comments,score,upvote_ratio,permalink
ssn7ic,t3_ssn7ic,09cb3c204828ede2196452cf1fe87c59,r/WorldNews Live Thread: Ukraine-Russia Tensions,1644878101.0,2022-02-14 22:35:01,6812,2217,0.92,/r/worldnews/comments/ssn7ic/rworldnews_live_thread_ukrainerussia_tensions/
st8lq0,t3_st8lq0,6fb4eee62d702c106897cbed2f56feea,r/worldnews Live Thread: Ukraine-Russia Tensions,1644946995.0,2022-02-15 17:43:15,8950,3608,0.92,/r/worldnews/comments/st8lq0/rworldnews_live_thread_ukrainerussia_tensions/
stgev6,t3_stgev6,be542cdc9cfecd8bf1d2320a8639c765,r/worldnews Live Thread: Ukraine-Russia Tensions,1644967051.0,2022-02-15 23:17:31,10877,4507,0.91,/r/worldnews/comments/stgev6/rworldnews_live_thread_ukrainerussia_tensions/
stmu2a,t3_stmu2a,6fb4eee62d702c106897cbed2f56feea,r/worldnews Live Thread: Ukraine-Russia Tensions,1644985527.0,2022-02-16 04:25:27,6554,1649,0.87,/r/worldnews/comments/stmu2a/rworldnews_live_thread_ukrainerussia_tensions/
su6qp2,t3_su6qp2,1af0f19d29e41c3c9ef40e57f14c5dd9,r/Worldnews Live Thread: Ukraine-Russia Tensions,1645046398.0,2022-02-16 21:19:58,5445,1049,0.88,/r/worldnews/comments/su6qp2/rworldnews_live_thread_ukrainerussia_tensions/
sukgvr,t3_sukgvr,6fb4eee62d702c106897cbed2f56feea,r/worldnews Live Thread: Ukraine-Russia tensions,1645088721.0,2022-02-17 09:05:21,6716,1593,0.89,/r/worldnews/comments/sukgvr/rworldnews_live_thread_ukrainerussia_tensions/
suvioa,t3_suvioa,1af0f19d29e41c3c9ef40e57f14c5dd9,r/Worldnews Live Thread: Ukraine-Russia Tensions,1645122089.0,2022-02-17 18:21:29,9575,2351,0.9,/r/worldnews/comments/suvioa/rworldnews_live_thread_ukrainerussia_tensions/
svegy2,t3_svegy2,85ca4444564cd7abdae6696a7e0eccc9,r/Worldnews Live Thread: Ukraine-Russia Tensions,1645178841.0,2022-02-18 10:07:21,9116,1596,0.9,/r/worldnews/comments/svegy2/rworldnews_live_thread_ukrainerussia_tensions/
svsa2c,t3_svsa2c,be542cdc9cfecd8bf1d2320a8639c765,r/Worldnews Live Thread: Ukraine-Russia Tensions,1645217977.0,2022-02-18 20:59:37,12918,10820,0.89,/r/worldnews/comments/svsa2c/rworldnews_live_thread_ukrainerussia_tensions/
svyjxm,t3_svyjxm,6fb4eee62d702c106897cbed2f56feea,/r/worldnews live thread: Ukraine-Russia Tensions,1645235818.0,2022-02-19 01:56:58,10296,3713,0.91,/r/worldnews/comments/svyjxm/rworldnews_live_thread_ukrainerussia_tensions/
swb4mv,t3_swb4mv,be542cdc9cfecd8bf1d2320a8639c765,/r/worldnews live thread: Ukraine-Russia Tensions,1645280397.0,2022-02-19 14:19:57,8545,7482,0.88,/r/worldnews/comments/swb4mv/rworldnews_live_thread_ukrainerussia_tensions/
swiv61,t3_swiv61,1af0f19d29e41c3c9ef40e57f14c5dd9,"/r/Worldnews Live Thread: Ukraine-Russia Tensions (February 19, 2022 Part II)",1645301762.0,2022-02-19 20:16:02,11427,5156,0.89,/r/worldnews/comments/swiv61/rworldnews_live_thread_ukrainerussia_tensions/
swq9uc,t3_swq9uc,6fb4eee62d702c106897cbed2f56feea,"/r/worldnews Live Thread: Ukraine-Russia Tensions (February 19, 2022 | Thread 3)",1645323406.0,2022-02-20 02:16:46,9863,2533,0.9,/r/worldnews/comments/swq9uc/rworldnews_live_thread_ukrainerussia_tensions/
sx3bb6,t3_sx3bb6,09cb3c204828ede2196452cf1fe87c59,"/r/worldnews Live Thread: Ukraine-Russia Tensions (February 20, 2022 | Thread 4)",1645369950.0,2022-02-20 15:12:30,372,103,0.9,/r/worldnews/comments/sx3bb6/rworldnews_live_thread_ukrainerussia_tensions/
sx43j8,t3_sx43j8,09cb3c204828ede2196452cf1fe87c59,r/Worldnews live thread Ukraine Russia conflict 2-20-22,1645372151.0,2022-02-20 15:49:11,680,176,0.91,/r/worldnews/comments/sx43j8/rworldnews_live_thread_ukraine_russia_conflict/
sx55pn,t3_sx55pn,09cb3c204828ede2196452cf1fe87c59,"WorldNews Live Thread Number 2 February 20,2022",1645374909.0,2022-02-20 16:35:09,6808,1284,0.91,/r/worldnews/comments/sx55pn/worldnews_live_thread_number_2_february_202022/
sxco3t,t3_sxco3t,643743f62be024c27ce28c32f6421e89,"/r/Worldnews Live Thread: Ukraine-Russia Tensions (February 20, 2022 Thread III)",1645394553.0,2022-02-20 22:02:33,10130,2238,0.9,/r/worldnews/comments/sxco3t/rworldnews_live_thread_ukrainerussia_tensions/
sxjte0,t3_sxjte0,6fb4eee62d702c106897cbed2f56feea,"/r/worldnews Live Thread: Ukraine-Russia Tensions (February 21, 2022 | Thread I)",1645415393.0,2022-02-21 03:49:53,8540,1549,0.88,/r/worldnews/comments/sxjte0/rworldnews_live_thread_ukrainerussia_tensions/
sxvem7,t3_sxvem7,6fb4eee62d702c106897cbed2f56feea,"/r/worldnews Live Thread: Ukraine-Russia Tensions (February 21, 2022 | Thread II)",1645455332.0,2022-02-21 14:55:32,11496,2151,0.91,/r/worldnews/comments/sxvem7/rworldnews_live_thread_ukrainerussia_tensions/
sy1xea,t3_sy1xea,6fb4eee62d702c106897cbed2f56feea,"/r/worldnews Live Thread: Ukraine-Russia Tensions (February 21, 2022 | Thread III)",1645471390.0,2022-02-21 19:23:10,10402,2912,0.92,/r/worldnews/comments/sy1xea/rworldnews_live_thread_ukrainerussia_tensions/
sy4y75,t3_sy4y75,643743f62be024c27ce28c32f6421e89,"/r/worldnews Live Thread: Ukraine-Russia Tensions (February 21, 2022 | Thread IV)",1645478773.0,2022-02-21 21:26:13,12873,2778,0.93,/r/worldnews/comments/sy4y75/rworldnews_live_thread_ukrainerussia_tensions/
sya4x3,t3_sya4x3,643743f62be024c27ce28c32f6421e89,"/r/worldnews Live Thread: Ukraine-Russia Tensions (February 21, 2022 | Thread V)",1645492078.0,2022-02-22 01:07:58,10823,2666,0.92,/r/worldnews/comments/sya4x3/rworldnews_live_thread_ukrainerussia_tensions/
syfneh,t3_syfneh,6fb4eee62d702c106897cbed2f56feea,"/r/worldnews live thread: Ukraine-Russia Tensions (February 22, 2022 | Thread I)",1645508321.0,2022-02-22 05:38:41,9342,2128,0.93,/r/worldnews/comments/syfneh/rworldnews_live_thread_ukrainerussia_tensions/
sypx00,t3_sypx00,6fb4eee62d702c106897cbed2f56feea,"/r/worldnews Live Thread: Ukraine-Russia Conflict (February 22, 2022 | Thread II)",1645542754.0,2022-02-22 15:12:34,9372,2229,0.93,/r/worldnews/comments/sypx00/rworldnews_live_thread_ukrainerussia_conflict/
syv6z0,t3_syv6z0,1af0f19d29e41c3c9ef40e57f14c5dd9,"/r/Worldnews Live Thread: Ukraine-Russia Tensions (February 22, 2022 | Thread III)",1645556026.0,2022-02-22 18:53:46,10119,2028,0.93,/r/worldnews/comments/syv6z0/rworldnews_live_thread_ukrainerussia_tensions/
syzhbn,t3_syzhbn,643743f62be024c27ce28c32f6421e89,"/r/Worldnews Live Thread: Ukraine-Russia Crisis (February 22, 2022 | Thread IV)",1645566821.0,2022-02-22 21:53:41,10372,1952,0.92,/r/worldnews/comments/syzhbn/rworldnews_live_thread_ukrainerussia_crisis/
sz9qxw,t3_sz9qxw,6fb4eee62d702c106897cbed2f56feea,"/r/worldnews live thread: Ukraine - Russia hostilities (February 23, 2022 | Thread I)",1645595199.0,2022-02-23 05:46:39,11554,1724,0.92,/r/worldnews/comments/sz9qxw/rworldnews_live_thread_ukraine_russia_hostilities/
szoahq,t3_szoahq,1af0f19d29e41c3c9ef40e57f14c5dd9,"/r/Worldnews Live Thread: Ukraine-Russia Crisis (February 23, 2022 | Thread II)",1645640935.0,2022-02-23 18:28:55,9451,2061,0.93,/r/worldnews/comments/szoahq/rworldnews_live_thread_ukrainerussia_crisis/
szswcj,t3_szswcj,643743f62be024c27ce28c32f6421e89,"/r/Worldnews Live Thread: Ukraine-Russia Crisis (February 23, 2022 | Thread III)",1645652661.0,2022-02-23 21:44:21,13812,3128,0.95,/r/worldnews/comments/szswcj/rworldnews_live_thread_ukrainerussia_crisis/
szyfuw,t3_szyfuw,1af0f19d29e41c3c9ef40e57f14c5dd9,"/r/Worldnews Live Thread: Ukraine-Russia Crisis (February 23, 2022 | Thread IV)",1645667358.0,2022-02-24 01:49:18,9090,3109,0.95,/r/worldnews/comments/szyfuw/rworldnews_live_thread_ukrainerussia_crisis/
t0082j,t3_t0082j,1af0f19d29e41c3c9ef40e57f14c5dd9,"/r/Worldnews Live Thread: Russian Invasion of Ukraine (February 23, 2022)",1645672364.0,2022-02-24 03:12:44,36570,55405,0.94,/r/worldnews/comments/t0082j/rworldnews_live_thread_russian_invasion_of/
t01jrq,t3_t01jrq,6fb4eee62d702c106897cbed2f56feea,/r/worldnews live thread: Russian invasion of Ukraine (Part II),1645676248.0,2022-02-24 04:17:28,11845,6078,0.97,/r/worldnews/comments/t01jrq/rworldnews_live_thread_russian_invasion_of/
t02ocp,t3_t02ocp,6fb4eee62d702c106897cbed2f56feea,/r/worldnews Live Thread: Russian Invasion of Ukraine (Part III),1645679716.0,2022-02-24 05:15:16,10715,3976,0.96,/r/worldnews/comments/t02ocp/rworldnews_live_thread_russian_invasion_of/
t05qlc,t3_t05qlc,1af0f19d29e41c3c9ef40e57f14c5dd9,/r/worldnews Live Thread: Russian Invasion of Ukraine (Part V),1645690388.0,2022-02-24 08:13:08,6416,2038,0.96,/r/worldnews/comments/t05qlc/rworldnews_live_thread_russian_invasion_of/
t06uph,t3_t06uph,0c528898cfb3809b84a416353d3379e2,/r/worldnews Live Thread: Russian Invasion of Ukraine (Part VI),1645694801.0,2022-02-24 09:26:41,8858,2006,0.96,/r/worldnews/comments/t06uph/rworldnews_live_thread_russian_invasion_of/
t08urg,t3_t08urg,6fb4eee62d702c106897cbed2f56feea,/r/worldnews Live Thread: Russian Invasion of Ukraine (Part VII),1645702379.0,2022-02-24 11:32:59,9427,2545,0.96,/r/worldnews/comments/t08urg/rworldnews_live_thread_russian_invasion_of/
t0al6b,t3_t0al6b,be542cdc9cfecd8bf1d2320a8639c765,/r/worldnews Live Thread: Russian Invasion of Ukraine (Part VIII),1645707900.0,2022-02-24 13:05:00,12514,3994,0.96,/r/worldnews/comments/t0al6b/rworldnews_live_thread_russian_invasion_of/
t0csmq,t3_t0csmq,be542cdc9cfecd8bf1d2320a8639c765,/r/worldnews Live Thread: Russian Invasion of Ukraine (Part IX),1645714201.0,2022-02-24 14:50:01,11440,3077,0.96,/r/worldnews/comments/t0csmq/rworldnews_live_thread_russian_invasion_of/
t0eei6,t3_t0eei6,be542cdc9cfecd8bf1d2320a8639c765,/r/worldnews Live Thread: Russian Invasion of Ukraine (Part X),1645718418.0,2022-02-24 16:00:18,15206,4220,0.96,/r/worldnews/comments/t0eei6/rworldnews_live_thread_russian_invasion_of/
t0g9v1,t3_t0g9v1,643743f62be024c27ce28c32f6421e89,/r/worldnews Live Thread: Russian Invasion of Ukraine (Part XI),1645723316.0,2022-02-24 17:21:56,10213,2188,0.95,/r/worldnews/comments/t0g9v1/rworldnews_live_thread_russian_invasion_of/
t0i53m,t3_t0i53m,0c528898cfb3809b84a416353d3379e2,/r/worldnews Live Thread: Russian Invasion of Ukraine (Part XII),1645728120.0,2022-02-24 18:42:00,12158,2306,0.96,/r/worldnews/comments/t0i53m/rworldnews_live_thread_russian_invasion_of/
t0jlsj,t3_t0jlsj,be542cdc9cfecd8bf1d2320a8639c765,/r/worldnews Live Thread: Russian Invasion of Ukraine (Part XIII),1645732034.0,2022-02-24 19:47:14,10772,2348,0.96,/r/worldnews/comments/t0jlsj/rworldnews_live_thread_russian_invasion_of/
t0llt8,t3_t0llt8,0c528898cfb3809b84a416353d3379e2,/r/worldnews Live Thread: Russian Invasion of Ukraine (Part XIV),1645737253.0,2022-02-24 21:14:13,10080,2386,0.95,/r/worldnews/comments/t0llt8/rworldnews_live_thread_russian_invasion_of/
t0ndwa,t3_t0ndwa,0c528898cfb3809b84a416353d3379e2,/r/worldnews Live Thread: Russian Invasion of Ukraine (Part XV),1645741924.0,2022-02-24 22:32:04,9863,2443,0.95,/r/worldnews/comments/t0ndwa/rworldnews_live_thread_russian_invasion_of/
t0p57k,t3_t0p57k,0c528898cfb3809b84a416353d3379e2,/r/worldnews Live Thread: Russian Invasion of Ukraine (Part XVI),1645746763.0,2022-02-24 23:52:43,11851,2683,0.96,/r/worldnews/comments/t0p57k/rworldnews_live_thread_russian_invasion_of/
t0r2k2,t3_t0r2k2,0c528898cfb3809b84a416353d3379e2,"/r/worldnews Live Thread: Russian Invasion of Ukraine Day 2, Part I (Thread XVII)",1645752156.0,2022-02-25 01:22:36,11608,2799,0.96,/r/worldnews/comments/t0r2k2/rworldnews_live_thread_russian_invasion_of/
t0su3d,t3_t0su3d,643743f62be024c27ce28c32f6421e89,"/r/worldnews Live Thread: Russian Invasion of Ukraine Day 2, Part I (Thread XVIII)",1645757324.0,2022-02-25 02:48:44,9923,1791,0.95,/r/worldnews/comments/t0su3d/rworldnews_live_thread_russian_invasion_of/
t0uilh,t3_t0uilh,0c528898cfb3809b84a416353d3379e2,"/r/worldnews Live Thread: Russian Invasion of Ukraine Day 2, Part III (Thread XIX)",1645762235.0,2022-02-25 04:10:35,9694,3038,0.96,/r/worldnews/comments/t0uilh/rworldnews_live_thread_russian_invasion_of/
t0wvak,t3_t0wvak,0c528898cfb3809b84a416353d3379e2,"/r/worldnews Live Thread: Russian Invasion of Ukraine Day 2, Part VI (Thread XX)",1645769729.0,2022-02-25 06:15:29,12005,2712,0.96,/r/worldnews/comments/t0wvak/rworldnews_live_thread_russian_invasion_of/
t10d3t,t3_t10d3t,85ca4444564cd7abdae6696a7e0eccc9,"/r/worldnews Live Thread: Russian Invasion of Ukraine Day 2, Part VII (Thread XXI)",1645783099.0,2022-02-25 09:58:19,11079,2048,0.95,/r/worldnews/comments/t10d3t/rworldnews_live_thread_russian_invasion_of/
t133b8,t3_t133b8,be542cdc9cfecd8bf1d2320a8639c765,"/r/worldnews Live Thread: Russian Invasion of Ukraine Day 2, Part VIII (Thread XXII)",1645792846.0,2022-02-25 12:40:46,10589,2022,0.95,/r/worldnews/comments/t133b8/rworldnews_live_thread_russian_invasion_of/
t15ox1,t3_t15ox1,0c528898cfb3809b84a416353d3379e2,"/r/worldnews Live Thread: Russian Invasion of Ukraine Day 2, Part IX (Thread XXIII)",1645800367.0,2022-02-25 14:46:07,10024,2033,0.94,/r/worldnews/comments/t15ox1/rworldnews_live_thread_russian_invasion_of/
t17qjh,t3_t17qjh,0c528898cfb3809b84a416353d3379e2,"/r/worldnews Live Thread: Russian Invasion of Ukraine Day 2, Part X (Thread XXVI)",1645805743.0,2022-02-25 16:15:43,13315,2606,0.95,/r/worldnews/comments/t17qjh/rworldnews_live_thread_russian_invasion_of/
t1abdi,t3_t1abdi,0c528898cfb3809b84a416353d3379e2,"/r/worldnews Live Thread: Russian Invasion of Ukraine Day 2, Part XI (Thread XXVII)",1645812307.0,2022-02-25 18:05:07,11239,4672,0.96,/r/worldnews/comments/t1abdi/rworldnews_live_thread_russian_invasion_of/
t1c7ua,t3_t1c7ua,0c528898cfb3809b84a416353d3379e2,"/r/worldnews Live Thread: Russian Invasion of Ukraine Day 2, Part XII (Thread XXVIII)",1645817203.0,2022-02-25 19:26:43,12453,2414,0.96,/r/worldnews/comments/t1c7ua/rworldnews_live_thread_russian_invasion_of/
t1dz0s,t3_t1dz0s,0c528898cfb3809b84a416353d3379e2,"/r/worldnews Live Thread: Russian Invasion of Ukraine Day 2, Part XIII (Thread XXIX)",1645821689.0,2022-02-25 20:41:29,10790,1931,0.95,/r/worldnews/comments/t1dz0s/rworldnews_live_thread_russian_invasion_of/
t1fxu1,t3_t1fxu1,0c528898cfb3809b84a416353d3379e2,"/r/worldnews Live Thread: Russian Invasion of Ukraine Day 3, Part I (Thread XXX)",1645826844.0,2022-02-25 22:07:24,10026,1912,0.95,/r/worldnews/comments/t1fxu1/rworldnews_live_thread_russian_invasion_of/
t1hkmj,t3_t1hkmj,0c528898cfb3809b84a416353d3379e2,"/r/worldnews Live Thread: Russian Invasion of Ukraine Day 3, Part II (Thread XXXI)",1645831285.0,2022-02-25 23:21:25,11296,2070,0.95,/r/worldnews/comments/t1hkmj/rworldnews_live_thread_russian_invasion_of/
t1jfwh,t3_t1jfwh,be542cdc9cfecd8bf1d2320a8639c765,"/r/worldnews Live Thread: Russian Invasion of Ukraine Day 3, Part III (Thread XXXII)",1645836562.0,2022-02-26 00:49:22,12763,2335,0.95,/r/worldnews/comments/t1jfwh/rworldnews_live_thread_russian_invasion_of/
t1lgcc,t3_t1lgcc,d0420bbad342c39425b34b7ebd90d5e3,"/r/WorldNews Live Thread: Russian Invasion of Ukraine Day 3, Part 4 (Thread #33)",1645842143.0,2022-02-26 02:22:23,12403,1794,0.94,/r/worldnews/comments/t1lgcc/rworldnews_live_thread_russian_invasion_of/
t1n65b,t3_t1n65b,d0420bbad342c39425b34b7ebd90d5e3,"/r/WorldNews Live Thread: Russian Invasion of Ukraine Day 3, Part 5 (Thread #34)",1645847168.0,2022-02-26 03:46:08,10951,1749,0.95,/r/worldnews/comments/t1n65b/rworldnews_live_thread_russian_invasion_of/
t1oqrc,t3_t1oqrc,d0420bbad342c39425b34b7ebd90d5e3,"/r/WorldNews Live Thread: Russian Invasion of Ukraine Day 3, Part 6 (Thread #35)",1645851979.0,2022-02-26 05:06:19,11764,2152,0.95,/r/worldnews/comments/t1oqrc/rworldnews_live_thread_russian_invasion_of/
t1qqzv,t3_t1qqzv,6fb4eee62d702c106897cbed2f56feea,"/r/worldnews Live Thread: Russian Invasion of Ukraine (Recaps, Summaries and Long Term Updates)",1645858736.0,2022-02-26 06:58:56,9,8695,0.98,/r/worldnews/comments/t1qqzv/rworldnews_live_thread_russian_invasion_of/
t1rnuj,t3_t1rnuj,c0b58fac7e2b66b48f1749bd8ef8072c,"/r/WorldNews Live Thread: Russian Invasion of Ukraine Day 3, Part 7 (Thread #36)",1645862202.0,2022-02-26 07:56:42,9883,1883,0.95,/r/worldnews/comments/t1rnuj/rworldnews_live_thread_russian_invasion_of/
t1ucik,t3_t1ucik,c0b58fac7e2b66b48f1749bd8ef8072c,"/r/WorldNews Live Thread: Russian Invasion of Ukraine Day 3, Part 8 (Thread #37)",1645872322.0,2022-02-26 10:45:22,9468,1948,0.94,/r/worldnews/comments/t1ucik/rworldnews_live_thread_russian_invasion_of/
t1x4qt,t3_t1x4qt,c0b58fac7e2b66b48f1749bd8ef8072c,"/r/WorldNews Live Thread: Russian Invasion of Ukraine Day 3, Part 9 (Thread #38)",1645882173.0,2022-02-26 13:29:33,9647,1926,0.95,/r/worldnews/comments/t1x4qt/rworldnews_live_thread_russian_invasion_of/
t1zcqi,t3_t1zcqi,c0b58fac7e2b66b48f1749bd8ef8072c,"/r/WorldNews Live Thread: Russian Invasion of Ukraine Day 3, Part 10 (Thread #39)",1645888638.0,2022-02-26 15:17:18,9731,1857,0.95,/r/worldnews/comments/t1zcqi/rworldnews_live_thread_russian_invasion_of/
t21i72,t3_t21i72,c0b58fac7e2b66b48f1749bd8ef8072c,"/r/WorldNews Live Thread: Russian Invasion of Ukraine Day 3, Part 11 (Thread #40)",1645894487.0,2022-02-26 16:54:47,9616,1789,0.95,/r/worldnews/comments/t21i72/rworldnews_live_thread_russian_invasion_of/
t23qm5,t3_t23qm5,c0b58fac7e2b66b48f1749bd8ef8072c,"/r/WorldNews Live Thread: Russian Invasion of Ukraine Day 3, Part 12 (Thread #41)",1645900341.0,2022-02-26 18:32:21,9736,1733,0.96,/r/worldnews/comments/t23qm5/rworldnews_live_thread_russian_invasion_of/
t25q00,t3_t25q00,c0b58fac7e2b66b48f1749bd8ef8072c,"/r/WorldNews Live Thread: Russian Invasion of Ukraine Day 3, Part 13 (Thread #42)",1645905734.0,2022-02-26 20:02:14,9591,1958,0.95,/r/worldnews/comments/t25q00/rworldnews_live_thread_russian_invasion_of/
t27ec4,t3_t27ec4,c0b58fac7e2b66b48f1749bd8ef8072c,"/r/WorldNews Live Thread: Russian Invasion of Ukraine Day 3, Part 14 (Thread #43)",1645910456.0,2022-02-26 21:20:56,9827,1677,0.96,/r/worldnews/comments/t27ec4/rworldnews_live_thread_russian_invasion_of/
t28zy8,t3_t28zy8,d0420bbad342c39425b34b7ebd90d5e3,"/r/WorldNews Live Thread: Russian Invasion of Ukraine Day 4, Part 1 (Thread #44)",1645914971.0,2022-02-26 22:36:11,15370,2395,0.96,/r/worldnews/comments/t28zy8/rworldnews_live_thread_russian_invasion_of/
t2bat9,t3_t2bat9,be542cdc9cfecd8bf1d2320a8639c765,"/r/WorldNews Live Thread: Russian Invasion of Ukraine Day 4, Part 2 (Thread #45)",1645921615.0,2022-02-27 00:26:55,11305,1816,0.95,/r/worldnews/comments/t2bat9/rworldnews_live_thread_russian_invasion_of/
t2cvrj,t3_t2cvrj,0c528898cfb3809b84a416353d3379e2,"/r/WorldNews Live Thread: Russian Invasion of Ukraine Day 4, Part 3 (Thread #46)",1645926433.0,2022-02-27 01:47:13,9923,2225,0.96,/r/worldnews/comments/t2cvrj/rworldnews_live_thread_russian_invasion_of/
t2eq8j,t3_t2eq8j,0c528898cfb3809b84a416353d3379e2,"/r/WorldNews Live Thread: Russian Invasion of Ukraine Day 4, Part 4 (Thread #47)",1645932322.0,2022-02-27 03:25:22,10292,1686,0.96,/r/worldnews/comments/t2eq8j/rworldnews_live_thread_russian_invasion_of/
t2gb8x,t3_t2gb8x,0c528898cfb3809b84a416353d3379e2,"/r/WorldNews Live Thread: Russian Invasion of Ukraine Day 4, Part 5 (Thread #48)",1645937727.0,2022-02-27 04:55:27,9738,1901,0.96,/r/worldnews/comments/t2gb8x/rworldnews_live_thread_russian_invasion_of/
t2i6wb,t3_t2i6wb,0c528898cfb3809b84a416353d3379e2,"/r/WorldNews Live Thread: Russian Invasion of Ukraine Day 4, Part 6 (Thread #49)",1645944507.0,2022-02-27 06:48:27,9635,1981,0.95,/r/worldnews/comments/t2i6wb/rworldnews_live_thread_russian_invasion_of/
t2kcul,t3_t2kcul,c0b58fac7e2b66b48f1749bd8ef8072c,"/r/WorldNews Live Thread: Russian Invasion of Ukraine Day 4, Part 7 (Thread #50)",1645953208.0,2022-02-27 09:13:28,10067,1827,0.95,/r/worldnews/comments/t2kcul/rworldnews_live_thread_russian_invasion_of/
t2mnbs,t3_t2mnbs,c0b58fac7e2b66b48f1749bd8ef8072c,"/r/WorldNews Live Thread: Russian Invasion of Ukraine Day 4, Part 8 (Thread #51)",1645962766.0,2022-02-27 11:52:46,9652,1820,0.96,/r/worldnews/comments/t2mnbs/rworldnews_live_thread_russian_invasion_of/
t2ovz6,t3_t2ovz6,c0b58fac7e2b66b48f1749bd8ef8072c,"/r/WorldNews Live Thread: Russian Invasion of Ukraine Day 4, Part 9 (Thread #52)",1645970640.0,2022-02-27 14:04:00,10198,2020,0.95,/r/worldnews/comments/t2ovz6/rworldnews_live_thread_russian_invasion_of/
t2r05r,t3_t2r05r,c0b58fac7e2b66b48f1749bd8ef8072c,"/r/WorldNews Live Thread: Russian Invasion of Ukraine Day 4, Part 10 (Thread #53)",1645977020.0,2022-02-27 15:50:20,12056,2205,0.95,/r/worldnews/comments/t2r05r/rworldnews_live_thread_russian_invasion_of/
t2sxht,t3_t2sxht,d0420bbad342c39425b34b7ebd90d5e3,"/r/WorldNews Live Thread: Russian Invasion of Ukraine Day 4, Part 11 (Thread #54)",1645982348.0,2022-02-27 17:19:08,11145,1999,0.96,/r/worldnews/comments/t2sxht/rworldnews_live_thread_russian_invasion_of/
t2var6,t3_t2var6,be542cdc9cfecd8bf1d2320a8639c765,"/r/WorldNews Live Thread: Russian Invasion of Ukraine Day 4, Part 12 (Thread #55)",1645988847.0,2022-02-27 19:07:27,10158,1871,0.95,/r/worldnews/comments/t2var6/rworldnews_live_thread_russian_invasion_of/
t2x5s9,t3_t2x5s9,be542cdc9cfecd8bf1d2320a8639c765,"/r/WorldNews Live Thread: Russian Invasion of Ukraine Day 4, Part 13 (Thread #56)",1645994049.0,2022-02-27 20:34:09,12954,2337,0.96,/r/worldnews/comments/t2x5s9/rworldnews_live_thread_russian_invasion_of/
t2z5rd,t3_t2z5rd,5f84f6f0353f19b9a820c801591c0140,"/r/WorldNews Live Thread: Russian Invasion of Ukraine Day 5, Part 1 (Thread #57)",1645999616.0,2022-02-27 22:06:56,11089,2202,0.95,/r/worldnews/comments/t2z5rd/rworldnews_live_thread_russian_invasion_of/
t3105o,t3_t3105o,5f84f6f0353f19b9a820c801591c0140,"/r/WorldNews Live Thread: Russian Invasion of Ukraine Day 5, Part 2 (Thread #58)",1646004854.0,2022-02-27 23:34:14,10342,1816,0.95,/r/worldnews/comments/t3105o/rworldnews_live_thread_russian_invasion_of/
t32l5s,t3_t32l5s,0c528898cfb3809b84a416353d3379e2,"/r/WorldNews Live Thread: Russian Invasion of Ukraine Day 5, Part 3 (Thread #59)",1646009555.0,2022-02-28 00:52:35,9271,1771,0.95,/r/worldnews/comments/t32l5s/rworldnews_live_thread_russian_invasion_of/
t34600,t3_t34600,c1bf403dc4de7bed38a1fdb777d64a90,"/r/WorldNews Live Thread: Russian Invasion of Ukraine Day 5, Part 4 (Thread #60)",1646014249.0,2022-02-28 02:10:49,9217,1603,0.96,/r/worldnews/comments/t34600/rworldnews_live_thread_russian_invasion_of/
t35ouk,t3_t35ouk,c1bf403dc4de7bed38a1fdb777d64a90,"/r/WorldNews Live Thread: Russian Invasion of Ukraine Day 5, Part 5 (Thread #61)",1646018910.0,2022-02-28 03:28:30,9265,1740,0.95,/r/worldnews/comments/t35ouk/rworldnews_live_thread_russian_invasion_of/
t37kmg,t3_t37kmg,c1bf403dc4de7bed38a1fdb777d64a90,"/r/WorldNews Live Thread: Russian Invasion of Ukraine Day 5, Part 6 (Thread #62)",1646024916.0,2022-02-28 05:08:36,9237,1463,0.93,/r/worldnews/comments/t37kmg/rworldnews_live_thread_russian_invasion_of/
t39hx1,t3_t39hx1,c1bf403dc4de7bed38a1fdb777d64a90,"/r/WorldNews Live Thread: Russian Invasion of Ukraine Day 5, Part 7 (Thread #63)",1646031628.0,2022-02-28 07:00:28,9331,1564,0.95,/r/worldnews/comments/t39hx1/rworldnews_live_thread_russian_invasion_of/
t3bpu3,t3_t3bpu3,c1bf403dc4de7bed38a1fdb777d64a90,"/r/WorldNews Live Thread: Russian Invasion of Ukraine Day 5, Part 8 (Thread #64)",1646040516.0,2022-02-28 09:28:36,9855,2205,0.95,/r/worldnews/comments/t3bpu3/rworldnews_live_thread_russian_invasion_of/
t3elmo,t3_t3elmo,643743f62be024c27ce28c32f6421e89,"/r/WorldNews Live Thread: Russian Invasion of Ukraine Day 5, Part 9 (Thread #65)",1646051646.0,2022-02-28 12:34:06,9175,1963,0.95,/r/worldnews/comments/t3elmo/rworldnews_live_thread_russian_invasion_of/
t3h69q,t3_t3h69q,c1bf403dc4de7bed38a1fdb777d64a90,"/r/WorldNews Live Thread: Russian Invasion of Ukraine Day 5, Part 10 (Thread #66)",1646059410.0,2022-02-28 14:43:30,9194,2136,0.95,/r/worldnews/comments/t3h69q/rworldnews_live_thread_russian_invasion_of/
t3jhke,t3_t3jhke,c1bf403dc4de7bed38a1fdb777d64a90,"/r/WorldNews Live Thread: Russian Invasion of Ukraine Day 5, Part 11 (Thread #67)",1646065719.0,2022-02-28 16:28:39,9822,1929,0.95,/r/worldnews/comments/t3jhke/rworldnews_live_thread_russian_invasion_of/
t3lrj9,t3_t3lrj9,59b77cddb26a4fbcef8db8e394df4579,"/r/WorldNews Live Thread: Russian Invasion of Ukraine Day 5, Part 12 (Thread #68)",1646071655.0,2022-02-28 18:07:35,9463,1868,0.95,/r/worldnews/comments/t3lrj9/rworldnews_live_thread_russian_invasion_of/
t3nw38,t3_t3nw38,c1bf403dc4de7bed38a1fdb777d64a90,"/r/WorldNews Live Thread: Russian Invasion of Ukraine Day 5, Part 13 (Thread #69)",1646077113.0,2022-02-28 19:38:33,9190,1877,0.95,/r/worldnews/comments/t3nw38/rworldnews_live_thread_russian_invasion_of/
t3pr7i,t3_t3pr7i,c1bf403dc4de7bed38a1fdb777d64a90,"/r/WorldNews Live Thread: Russian Invasion of Ukraine Day 5, Part 14 (Thread #70)",1646081921.0,2022-02-28 20:58:41,9310,1734,0.94,/r/worldnews/comments/t3pr7i/rworldnews_live_thread_russian_invasion_of/
t3rvl4,t3_t3rvl4,c1bf403dc4de7bed38a1fdb777d64a90,"/r/WorldNews Live Thread: Russian Invasion of Ukraine Day 5, Part 15 (Thread #71)",1646087469.0,2022-02-28 22:31:09,9224,1916,0.95,/r/worldnews/comments/t3rvl4/rworldnews_live_thread_russian_invasion_of/
t3uanp,t3_t3uanp,c1bf403dc4de7bed38a1fdb777d64a90,"/r/WorldNews Live Thread: Russian Invasion of Ukraine Day 5, Part 16 (Thread #72)",1646094044.0,2022-03-01 00:20:44,9602,1789,0.95,/r/worldnews/comments/t3uanp/rworldnews_live_thread_russian_invasion_of/
t3w9ox,t3_t3w9ox,c1bf403dc4de7bed38a1fdb777d64a90,"/r/WorldNews Live Thread: Russian Invasion of Ukraine Day 5, Part 17 (Thread #73)",1646099905.0,2022-03-01 01:58:25,9208,1673,0.94,/r/worldnews/comments/t3w9ox/rworldnews_live_thread_russian_invasion_of/
t3yi2e,t3_t3yi2e,c1bf403dc4de7bed38a1fdb777d64a90,"/r/WorldNews Live Thread: Russian Invasion of Ukraine Day 6, Part 1 (Thread #74)",1646106515.0,2022-03-01 03:48:35,9223,1549,0.95,/r/worldnews/comments/t3yi2e/rworldnews_live_thread_russian_invasion_of/
t40q7b,t3_t40q7b,c1bf403dc4de7bed38a1fdb777d64a90,"/r/WorldNews Live Thread: Russian Invasion of Ukraine Day 6, Part 2 (Thread #75)",1646113715.0,2022-03-01 05:48:35,9175,1489,0.95,/r/worldnews/comments/t40q7b/rworldnews_live_thread_russian_invasion_of/
t43bke,t3_t43bke,c1bf403dc4de7bed38a1fdb777d64a90,"/r/WorldNews Live Thread: Russian Invasion of Ukraine Day 6, Part 3 (Thread #76)",1646123706.0,2022-03-01 08:35:06,9127,1917,0.95,/r/worldnews/comments/t43bke/rworldnews_live_thread_russian_invasion_of/
t46bbn,t3_t46bbn,c1bf403dc4de7bed38a1fdb777d64a90,"/r/WorldNews Live Thread: Russian Invasion of Ukraine Day 6, Part 4 (Thread #77)",1646135916.0,2022-03-01 11:58:36,9177,1959,0.95,/r/worldnews/comments/t46bbn/rworldnews_live_thread_russian_invasion_of/
t4972i,t3_t4972i,c1bf403dc4de7bed38a1fdb777d64a90,"/r/WorldNews Live Thread: Russian Invasion of Ukraine Day 6, Part 5 (Thread #78)",1646145068.0,2022-03-01 14:31:08,9441,1806,0.95,/r/worldnews/comments/t4972i/rworldnews_live_thread_russian_invasion_of/
t4buw2,t3_t4buw2,c1bf403dc4de7bed38a1fdb777d64a90,"/r/WorldNews Live Thread: Russian Invasion of Ukraine Day 6, Part 6 (Thread #79)",1646152128.0,2022-03-01 16:28:48,9407,2004,0.95,/r/worldnews/comments/t4buw2/rworldnews_live_thread_russian_invasion_of/
t4e9ng,t3_t4e9ng,c1bf403dc4de7bed38a1fdb777d64a90,"/r/WorldNews Live Thread: Russian Invasion of Ukraine Day 6, Part 7 (Thread #80)",1646158292.0,2022-03-01 18:11:32,11575,2135,0.95,/r/worldnews/comments/t4e9ng/rworldnews_live_thread_russian_invasion_of/
t4hpsd,t3_t4hpsd,c1bf403dc4de7bed38a1fdb777d64a90,"/r/WorldNews Live Thread: Russian Invasion of Ukraine Day 6, Part 8 (Thread #81)",1646167121.0,2022-03-01 20:38:41,9520,1930,0.95,/r/worldnews/comments/t4hpsd/rworldnews_live_thread_russian_invasion_of/
t4kha9,t3_t4kha9,c1bf403dc4de7bed38a1fdb777d64a90,"/r/WorldNews Live Thread: Russian Invasion of Ukraine Day 6, Part 9 (Thread #82)",1646174347.0,2022-03-01 22:39:07,13288,2268,0.95,/r/worldnews/comments/t4kha9/rworldnews_live_thread_russian_invasion_of/
t4o6ci,t3_t4o6ci,c1bf403dc4de7bed38a1fdb777d64a90,"/r/WorldNews Live Thread: Russian Invasion of Ukraine Day 7, Part 1 (Thread #83)",1646184740.0,2022-03-02 01:32:20,9164,1664,0.95,/r/worldnews/comments/t4o6ci/rworldnews_live_thread_russian_invasion_of/
t4qjju,t3_t4qjju,c1bf403dc4de7bed38a1fdb777d64a90,"/r/WorldNews Live Thread: Russian Invasion of Ukraine Day 7, Part 2 (Thread #84)",1646191838.0,2022-03-02 03:30:38,9172,1784,0.95,/r/worldnews/comments/t4qjju/rworldnews_live_thread_russian_invasion_of/
t4tk2v,t3_t4tk2v,c1bf403dc4de7bed38a1fdb777d64a90,"/r/WorldNews Live Thread: Russian Invasion of Ukraine Day 7, Part 3 (Thread #85)",1646201668.0,2022-03-02 06:14:28,9185,1659,0.94,/r/worldnews/comments/t4tk2v/rworldnews_live_thread_russian_invasion_of/
t4xoyy,t3_t4xoyy,c1bf403dc4de7bed38a1fdb777d64a90,"/r/WorldNews Live Thread: Russian Invasion of Ukraine Day 7, Part 4 (Thread #86)",1646218705.0,2022-03-02 10:58:25,9252,1995,0.95,/r/worldnews/comments/t4xoyy/rworldnews_live_thread_russian_invasion_of/
t51poq,t3_t51poq,c1bf403dc4de7bed38a1fdb777d64a90,"/r/WorldNews Live Thread: Russian Invasion of Ukraine Day 7, Part 5 (Thread #87)",1646232513.0,2022-03-02 14:48:33,9096,1978,0.95,/r/worldnews/comments/t51poq/rworldnews_live_thread_russian_invasion_of/
t5529v,t3_t5529v,c1bf403dc4de7bed38a1fdb777d64a90,"/r/WorldNews Live Thread: Russian Invasion of Ukraine Day 7, Part 6 (Thread #88)",1646241507.0,2022-03-02 17:18:27,9159,2017,0.95,/r/worldnews/comments/t5529v/rworldnews_live_thread_russian_invasion_of/
t58hjn,t3_t58hjn,c1bf403dc4de7bed38a1fdb777d64a90,"/r/WorldNews Live Thread: Russian Invasion of Ukraine Day 7, Part 7 (Thread #89)",1646250523.0,2022-03-02 19:48:43,9225,1572,0.95,/r/worldnews/comments/t58hjn/rworldnews_live_thread_russian_invasion_of/
t5bqyl,t3_t5bqyl,c1bf403dc4de7bed38a1fdb777d64a90,"/r/WorldNews Live Thread: Russian Invasion of Ukraine Day 7, Part 8 (Thread #90)",1646259513.0,2022-03-02 22:18:33,9148,1777,0.95,/r/worldnews/comments/t5bqyl/rworldnews_live_thread_russian_invasion_of/
t5fa76,t3_t5fa76,c1bf403dc4de7bed38a1fdb777d64a90,"/r/WorldNews Live Thread: Russian Invasion of Ukraine Day 8, Part 1 (Thread #91)",1646269721.0,2022-03-03 01:08:41,9296,1879,0.95,/r/worldnews/comments/t5fa76/rworldnews_live_thread_russian_invasion_of/
t5iy3q,t3_t5iy3q,c1bf403dc4de7bed38a1fdb777d64a90,"/r/WorldNews Live Thread: Russian Invasion of Ukraine Day 8, Part 2 (Thread #92)",1646281121.0,2022-03-03 04:18:41,9240,2158,0.94,/r/worldnews/comments/t5iy3q/rworldnews_live_thread_russian_invasion_of/
t5nch9,t3_t5nch9,c1bf403dc4de7bed38a1fdb777d64a90,"/r/WorldNews Live Thread: Russian Invasion of Ukraine Day 8, Part 3 (Thread #93)",1646297903.0,2022-03-03 08:58:23,9334,2099,0.95,/r/worldnews/comments/t5nch9/rworldnews_live_thread_russian_invasion_of/
t5ryzh,t3_t5ryzh,c1bf403dc4de7bed38a1fdb777d64a90,"/r/WorldNews Live Thread: Russian Invasion of Ukraine Day 8, Part 4 (Thread #94)",1646315318.0,2022-03-03 13:48:38,9378,1881,0.95,/r/worldnews/comments/t5ryzh/rworldnews_live_thread_russian_invasion_of/
t5v393,t3_t5v393,c1bf403dc4de7bed38a1fdb777d64a90,"/r/WorldNews Live Thread: Russian Invasion of Ukraine Day 8, Part 5 (Thread #95)",1646324006.0,2022-03-03 16:13:26,9208,1662,0.96,/r/worldnews/comments/t5v393/rworldnews_live_thread_russian_invasion_of/
t5xqnr,t3_t5xqnr,c1bf403dc4de7bed38a1fdb777d64a90,"/r/WorldNews Live Thread: Russian Invasion of Ukraine Day 8, Part 6 (Thread #96)",1646330910.0,2022-03-03 18:08:30,9259,1492,0.95,/r/worldnews/comments/t5xqnr/rworldnews_live_thread_russian_invasion_of/
t61c2e,t3_t61c2e,c1bf403dc4de7bed38a1fdb777d64a90,"/r/WorldNews Live Thread: Russian Invasion of Ukraine Day 8, Part 7 (Thread #97)",1646340528.0,2022-03-03 20:48:48,9147,1814,0.95,/r/worldnews/comments/t61c2e/rworldnews_live_thread_russian_invasion_of/
t65a16,t3_t65a16,c1bf403dc4de7bed38a1fdb777d64a90,"/r/WorldNews Live Thread: Russian Invasion of Ukraine Day 8, Part 8 (Thread #98)",1646351604.0,2022-03-03 23:53:24,9264,1523,0.95,/r/worldnews/comments/t65a16/rworldnews_live_thread_russian_invasion_of/
t67kwg,t3_t67kwg,c1bf403dc4de7bed38a1fdb777d64a90,"/r/WorldNews Live Thread: Russian Invasion of Ukraine Day 9, Part 1 (Thread #99)",1646358621.0,2022-03-04 01:50:21,9574,1752,0.95,/r/worldnews/comments/t67kwg/rworldnews_live_thread_russian_invasion_of/
t6a6w7,t3_t6a6w7,c1bf403dc4de7bed38a1fdb777d64a90,"/r/WorldNews Live Thread: Russian Invasion of Ukraine Day 9, Part 2 (Thread #100)",1646366912.0,2022-03-04 04:08:32,9201,1908,0.94,/r/worldnews/comments/t6a6w7/rworldnews_live_thread_russian_invasion_of/
t6dqv5,t3_t6dqv5,c1bf403dc4de7bed38a1fdb777d64a90,"/r/WorldNews Live Thread: Russian Invasion of Ukraine Day 9, Part 3 (Thread #101)",1646379760.0,2022-03-04 07:42:40,9276,1476,0.95,/r/worldnews/comments/t6dqv5/rworldnews_live_thread_russian_invasion_of/
t6i8z6,t3_t6i8z6,c1bf403dc4de7bed38a1fdb777d64a90,"/r/WorldNews Live Thread: Russian Invasion of Ukraine Day 9, Part 4 (Thread #102)",1646398115.0,2022-03-04 12:48:35,9264,1512,0.95,/r/worldnews/comments/t6i8z6/rworldnews_live_thread_russian_invasion_of/
t6lo4k,t3_t6lo4k,c1bf403dc4de7bed38a1fdb777d64a90,"/r/WorldNews Live Thread: Russian Invasion of Ukraine Day 9, Part 5 (Thread #103)",1646408315.0,2022-03-04 15:38:35,9329,1845,0.95,/r/worldnews/comments/t6lo4k/rworldnews_live_thread_russian_invasion_of/
t6phva,t3_t6phva,c1bf403dc4de7bed38a1fdb777d64a90,"/r/WorldNews Live Thread: Russian Invasion of Ukraine Day 9, Part 6 (Thread #104)",1646418512.0,2022-03-04 18:28:32,9245,1732,0.95,/r/worldnews/comments/t6phva/rworldnews_live_thread_russian_invasion_of/
t6t40c,t3_t6t40c,c1bf403dc4de7bed38a1fdb777d64a90,"/r/WorldNews Live Thread: Russian Invasion of Ukraine Day 9, Part 7 (Thread #105)",1646428446.0,2022-03-04 21:14:06,9257,1474,0.94,/r/worldnews/comments/t6t40c/rworldnews_live_thread_russian_invasion_of/
t6w5x7,t3_t6w5x7,c1bf403dc4de7bed38a1fdb777d64a90,"/r/WorldNews Live Thread: Russian Invasion of Ukraine Day 9, Part 8 (Thread #106)",1646437156.0,2022-03-04 23:39:16,9251,1462,0.94,/r/worldnews/comments/t6w5x7/rworldnews_live_thread_russian_invasion_of/
t6z9bo,t3_t6z9bo,c1bf403dc4de7bed38a1fdb777d64a90,"/r/WorldNews Live Thread: Russian Invasion of Ukraine Day 10, Part 1 (Thread #107)",1646447043.0,2022-03-05 02:24:03,9139,1466,0.93,/r/worldnews/comments/t6z9bo/rworldnews_live_thread_russian_invasion_of/
t72muj,t3_t72muj,c1bf403dc4de7bed38a1fdb777d64a90,"/r/WorldNews Live Thread: Russian Invasion of Ukraine Day 10, Part 2 (Thread #108)",1646458858.0,2022-03-05 05:40:58,9132,1585,0.94,/r/worldnews/comments/t72muj/rworldnews_live_thread_russian_invasion_of/
t78dh1,t3_t78dh1,c1bf403dc4de7bed38a1fdb777d64a90,"/r/WorldNews Live Thread: Russian Invasion of Ukraine Day 10, Part 3 (Thread #109)",1646482988.0,2022-03-05 12:23:08,9207,1917,0.95,/r/worldnews/comments/t78dh1/rworldnews_live_thread_russian_invasion_of/
t7de45,t3_t7de45,c1bf403dc4de7bed38a1fdb777d64a90,"/r/WorldNews Live Thread: Russian Invasion of Ukraine Day 10, Part 4 (Thread #110)",1646498643.0,2022-03-05 16:44:03,9208,1916,0.95,/r/worldnews/comments/t7de45/rworldnews_live_thread_russian_invasion_of/
t7hr55,t3_t7hr55,c1bf403dc4de7bed38a1fdb777d64a90,"/r/WorldNews Live Thread: Russian Invasion of Ukraine Day 10, Part 5 (Thread #111)",1646511096.0,2022-03-05 20:11:36,9178,1746,0.94,/r/worldnews/comments/t7hr55/rworldnews_live_thread_russian_invasion_of/
t7m2bv,t3_t7m2bv,c1bf403dc4de7bed38a1fdb777d64a90,"/r/WorldNews Live Thread: Russian Invasion of Ukraine Day 10, Part 6 (Thread #112)",1646524114.0,2022-03-05 23:48:34,9350,1949,0.95,/r/worldnews/comments/t7m2bv/rworldnews_live_thread_russian_invasion_of/
t7qti1,t3_t7qti1,c1bf403dc4de7bed38a1fdb777d64a90,"/r/WorldNews Live Thread: Russian Invasion of Ukraine Day 11, Part 1 (Thread #113)",1646540312.0,2022-03-06 04:18:32,9194,2032,0.95,/r/worldnews/comments/t7qti1/rworldnews_live_thread_russian_invasion_of/
t7xoli,t3_t7xoli,c1bf403dc4de7bed38a1fdb777d64a90,"/r/WorldNews Live Thread: Russian Invasion of Ukraine Day 11, Part 2 (Thread #114)",1646569402.0,2022-03-06 12:23:22,9187,2258,0.95,/r/worldnews/comments/t7xoli/rworldnews_live_thread_russian_invasion_of/
t83ti0,t3_t83ti0,c1bf403dc4de7bed38a1fdb777d64a90,"/r/WorldNews Live Thread: Russian Invasion of Ukraine Day 11, Part 3 (Thread #115)",1646588119.0,2022-03-06 17:35:19,9226,2236,0.95,/r/worldnews/comments/t83ti0/rworldnews_live_thread_russian_invasion_of/
t895s3,t3_t895s3,c1bf403dc4de7bed38a1fdb777d64a90,"/r/WorldNews Live Thread: Russian Invasion of Ukraine Day 11, Part 4 (Thread #116)",1646602839.0,2022-03-06 21:40:39,9171,2183,0.95,/r/worldnews/comments/t895s3/rworldnews_live_thread_russian_invasion_of/
t8epak,t3_t8epak,c1bf403dc4de7bed38a1fdb777d64a90,"/r/WorldNews Live Thread: Russian Invasion of Ukraine Day 12, Part 1 (Thread #117)",1646619508.0,2022-03-07 02:18:28,9254,1954,0.95,/r/worldnews/comments/t8epak/rworldnews_live_thread_russian_invasion_of/
t8lhjo,t3_t8lhjo,c1bf403dc4de7bed38a1fdb777d64a90,"/r/WorldNews Live Thread: Russian Invasion of Ukraine Day 12, Part 2 (Thread #118)",1646645418.0,2022-03-07 09:30:18,9234,1922,0.94,/r/worldnews/comments/t8lhjo/rworldnews_live_thread_russian_invasion_of/
t8rxur,t3_t8rxur,c1bf403dc4de7bed38a1fdb777d64a90,"/r/WorldNews Live Thread: Russian Invasion of Ukraine Day 12, Part 3 (Thread #119)",1646667531.0,2022-03-07 15:38:51,9209,2081,0.95,/r/worldnews/comments/t8rxur/rworldnews_live_thread_russian_invasion_of/
t8x1og,t3_t8x1og,c1bf403dc4de7bed38a1fdb777d64a90,"/r/WorldNews Live Thread: Russian Invasion of Ukraine Day 12, Part 4 (Thread #120)",1646680840.0,2022-03-07 19:20:40,9267,2137,0.95,/r/worldnews/comments/t8x1og/rworldnews_live_thread_russian_invasion_of/
t92wld,t3_t92wld,c1bf403dc4de7bed38a1fdb777d64a90,"/r/WorldNews Live Thread: Russian Invasion of Ukraine Day 12, Part 5 (Thread #121)",1646696302.0,2022-03-07 23:38:22,9168,2260,0.94,/r/worldnews/comments/t92wld/rworldnews_live_thread_russian_invasion_of/
t98pp8,t3_t98pp8,c1bf403dc4de7bed38a1fdb777d64a90,"/r/WorldNews Live Thread: Russian Invasion of Ukraine Day 13, Part 1 (Thread #122)",1646714320.0,2022-03-08 04:38:40,9306,1790,0.95,/r/worldnews/comments/t98pp8/rworldnews_live_thread_russian_invasion_of/
t9gws0,t3_t9gws0,c1bf403dc4de7bed38a1fdb777d64a90,"/r/WorldNews Live Thread: Russian Invasion of Ukraine Day 13, Part 2 (Thread #123)",1646746448.0,2022-03-08 13:34:08,9197,2033,0.95,/r/worldnews/comments/t9gws0/rworldnews_live_thread_russian_invasion_of/
t9mudk,t3_t9mudk,c1bf403dc4de7bed38a1fdb777d64a90,"/r/WorldNews Live Thread: Russian Invasion of Ukraine Day 13, Part 3 (Thread #124)",1646762677.0,2022-03-08 18:04:37,9233,2214,0.95,/r/worldnews/comments/t9mudk/rworldnews_live_thread_russian_invasion_of/
t9rd3o,t3_t9rd3o,c1bf403dc4de7bed38a1fdb777d64a90,"/r/WorldNews Live Thread: Russian Invasion of Ukraine Day 13, Part 4 (Thread #125)",1646774935.0,2022-03-08 21:28:55,9375,1887,0.95,/r/worldnews/comments/t9rd3o/rworldnews_live_thread_russian_invasion_of/
t9w3ci,t3_t9w3ci,c1bf403dc4de7bed38a1fdb777d64a90,"/r/WorldNews Live Thread: Russian Invasion of Ukraine Day 14, Part 1 (Thread #126)",1646788715.0,2022-03-09 01:18:35,9144,2005,0.96,/r/worldnews/comments/t9w3ci/rworldnews_live_thread_russian_invasion_of/
ta2wkn,t3_ta2wkn,c1bf403dc4de7bed38a1fdb777d64a90,"/r/WorldNews Live Thread: Russian Invasion of Ukraine Day 14, Part 2 (Thread #127)",1646812710.0,2022-03-09 07:58:30,9285,1620,0.96,/r/worldnews/comments/ta2wkn/rworldnews_live_thread_russian_invasion_of/
tab3zs,t3_tab3zs,c1bf403dc4de7bed38a1fdb777d64a90,"/r/WorldNews Live Thread: Russian Invasion of Ukraine Day 14, Part 3 (Thread #128)",1646842116.0,2022-03-09 16:08:36,9161,1975,0.95,/r/worldnews/comments/tab3zs/rworldnews_live_thread_russian_invasion_of/
tags3o,t3_tags3o,c1bf403dc4de7bed38a1fdb777d64a90,"/r/WorldNews Live Thread: Russian Invasion of Ukraine Day 14, Part 4 (Thread #129)",1646857709.0,2022-03-09 20:28:29,9146,1867,0.95,/r/worldnews/comments/tags3o/rworldnews_live_thread_russian_invasion_of/
tamx9q,t3_tamx9q,c1bf403dc4de7bed38a1fdb777d64a90,"/r/WorldNews Live Thread: Russian Invasion of Ukraine Day 15, Part 1 (Thread #130)",1646875198.0,2022-03-10 01:19:58,9190,1912,0.95,/r/worldnews/comments/tamx9q/rworldnews_live_thread_russian_invasion_of/
tauf8d,t3_tauf8d,c1bf403dc4de7bed38a1fdb777d64a90,"/r/WorldNews Live Thread: Russian Invasion of Ukraine Day 15, Part 2 (Thread #131)",1646901895.0,2022-03-10 08:44:55,9231,1718,0.95,/r/worldnews/comments/tauf8d/rworldnews_live_thread_russian_invasion_of/
tb3p09,t3_tb3p09,c1bf403dc4de7bed38a1fdb777d64a90,"/r/WorldNews Live Thread: Russian Invasion of Ukraine Day 15, Part 3 (Thread #132)",1646932839.0,2022-03-10 17:20:39,9243,1752,0.95,/r/worldnews/comments/tb3p09/rworldnews_live_thread_russian_invasion_of/
tbbi82,t3_tbbi82,c1bf403dc4de7bed38a1fdb777d64a90,"/r/WorldNews Live Thread: Russian Invasion of Ukraine Day 15, Part 4 (Thread #133)",1646953116.0,2022-03-10 22:58:36,9168,1931,0.95,/r/worldnews/comments/tbbi82/rworldnews_live_thread_russian_invasion_of/
tbkzpd,t3_tbkzpd,c1bf403dc4de7bed38a1fdb777d64a90,"/r/WorldNews Live Thread: Russian Invasion of Ukraine Day 16, Part 1 (Thread #134)",1646984917.0,2022-03-11 07:48:37,9276,1672,0.94,/r/worldnews/comments/tbkzpd/rworldnews_live_thread_russian_invasion_of/
tbuihd,t3_tbuihd,c1bf403dc4de7bed38a1fdb777d64a90,"/r/WorldNews Live Thread: Russian Invasion of Ukraine Day 16, Part 2 (Thread #135)",1647017914.0,2022-03-11 16:58:34,9249,2000,0.94,/r/worldnews/comments/tbuihd/rworldnews_live_thread_russian_invasion_of/
tc2ait,t3_tc2ait,c1bf403dc4de7bed38a1fdb777d64a90,"/r/WorldNews Live Thread: Russian Invasion of Ukraine Day 16, Part 3 (Thread #136)",1647038915.0,2022-03-11 22:48:35,9228,2035,0.95,/r/worldnews/comments/tc2ait/rworldnews_live_thread_russian_invasion_of/
tcb7ru,t3_tcb7ru,c1bf403dc4de7bed38a1fdb777d64a90,"/r/WorldNews Live Thread: Russian Invasion of Ukraine Day 17, Part 1 (Thread #137)",1647070478.0,2022-03-12 07:34:38,9214,1812,0.95,/r/worldnews/comments/tcb7ru/rworldnews_live_thread_russian_invasion_of/
tcoqao,t3_tcoqao,c1bf403dc4de7bed38a1fdb777d64a90,"/r/WorldNews Live Thread: Russian Invasion of Ukraine Day 17, Part 2 (Thread #138)",1647112963.0,2022-03-12 19:22:43,9253,2083,0.94,/r/worldnews/comments/tcoqao/rworldnews_live_thread_russian_invasion_of/
tcxrfr,t3_tcxrfr,c1bf403dc4de7bed38a1fdb777d64a90,"/r/WorldNews Live Thread: Russian Invasion of Ukraine Day 18, Part 1 (Thread #139)",1647141309.0,2022-03-13 03:15:09,9236,1940,0.95,/r/worldnews/comments/tcxrfr/rworldnews_live_thread_russian_invasion_of/
td9dbl,t3_td9dbl,c1bf403dc4de7bed38a1fdb777d64a90,"/r/WorldNews Live Thread: Russian Invasion of Ukraine Day 18, Part 2 (Thread #140)",1647185660.0,2022-03-13 15:34:20,9281,2095,0.95,/r/worldnews/comments/td9dbl/rworldnews_live_thread_russian_invasion_of/
tdj06u,t3_tdj06u,c1bf403dc4de7bed38a1fdb777d64a90,"/r/WorldNews Live Thread: Russian Invasion of Ukraine Day 18, Part 3 (Thread #141)",1647212539.0,2022-03-13 23:02:19,9258,2131,0.94,/r/worldnews/comments/tdj06u/rworldnews_live_thread_russian_invasion_of/
tdv3ps,t3_tdv3ps,c1bf403dc4de7bed38a1fdb777d64a90,"/r/WorldNews Live Thread: Russian Invasion of Ukraine Day 19, Part 1 (Thread #142)",1647256447.0,2022-03-14 11:14:07,9325,2057,0.95,/r/worldnews/comments/tdv3ps/rworldnews_live_thread_russian_invasion_of/
te5lwh,t3_te5lwh,c1bf403dc4de7bed38a1fdb777d64a90,"/r/WorldNews Live Thread: Russian Invasion of Ukraine Day 19, Part 2 (Thread #143)",1647286118.0,2022-03-14 19:28:38,9218,2070,0.95,/r/worldnews/comments/te5lwh/rworldnews_live_thread_russian_invasion_of/
tedr1a,t3_tedr1a,c1bf403dc4de7bed38a1fdb777d64a90,"/r/WorldNews Live Thread: Russian Invasion of Ukraine Day 20, Part 1 (Thread #144)",1647309117.0,2022-03-15 01:51:57,9294,2055,0.95,/r/worldnews/comments/tedr1a/rworldnews_live_thread_russian_invasion_of/
teqkts,t3_teqkts,c1bf403dc4de7bed38a1fdb777d64a90,"/r/WorldNews Live Thread: Russian Invasion of Ukraine Day 20, Part 2 (Thread #145)",1647355412.0,2022-03-15 14:43:32,9311,1865,0.95,/r/worldnews/comments/teqkts/rworldnews_live_thread_russian_invasion_of/
tf0ex9,t3_tf0ex9,c1bf403dc4de7bed38a1fdb777d64a90,"/r/WorldNews Live Thread: Russian Invasion of Ukraine Day 20, Part 3 (Thread #146)",1647378534.0,2022-03-15 21:08:54,9317,1565,0.94,/r/worldnews/comments/tf0ex9/rworldnews_live_thread_russian_invasion_of/
tfa2u8,t3_tfa2u8,c1bf403dc4de7bed38a1fdb777d64a90,"/r/WorldNews Live Thread: Russian Invasion of Ukraine Day 21, Part 1 (Thread #147)",1647407915.0,2022-03-16 05:18:35,9393,1433,0.95,/r/worldnews/comments/tfa2u8/rworldnews_live_thread_russian_invasion_of/
tflbi9,t3_tflbi9,c1bf403dc4de7bed38a1fdb777d64a90,"/r/WorldNews Live Thread: Russian Invasion of Ukraine Day 21, Part 2 (Thread #148)",1647446323.0,2022-03-16 15:58:43,9318,1685,0.94,/r/worldnews/comments/tflbi9/rworldnews_live_thread_russian_invasion_of/
tft49d,t3_tft49d,c1bf403dc4de7bed38a1fdb777d64a90,"/r/WorldNews Live Thread: Russian Invasion of Ukraine Day 21, Part 3 (Thread #149)",1647464645.0,2022-03-16 21:04:05,9328,1759,0.95,/r/worldnews/comments/tft49d/rworldnews_live_thread_russian_invasion_of/
tg237c,t3_tg237c,c1bf403dc4de7bed38a1fdb777d64a90,"/r/WorldNews Live Thread: Russian Invasion of Ukraine Day 22, Part 1 (Thread #150)",1647492044.0,2022-03-17 04:40:44,9256,1458,0.95,/r/worldnews/comments/tg237c/rworldnews_live_thread_russian_invasion_of/
tge8fj,t3_tge8fj,c1bf403dc4de7bed38a1fdb777d64a90,"/r/WorldNews Live Thread: Russian Invasion of Ukraine Day 22, Part 2 (Thread #151)",1647534792.0,2022-03-17 16:33:12,9296,1846,0.95,/r/worldnews/comments/tge8fj/rworldnews_live_thread_russian_invasion_of/
tgp5w3,t3_tgp5w3,c1bf403dc4de7bed38a1fdb777d64a90,"/r/WorldNews Live Thread: Russian Invasion of Ukraine Day 23, Part 1 (Thread #152)",1647564878.0,2022-03-18 00:54:38,9265,2263,0.96,/r/worldnews/comments/tgp5w3/rworldnews_live_thread_russian_invasion_of/
th3ycn,t3_th3ycn,c1bf403dc4de7bed38a1fdb777d64a90,"/r/WorldNews Live Thread: Russian Invasion of Ukraine Day 23, Part 2 (Thread #153)",1647617319.0,2022-03-18 15:28:39,9314,2005,0.96,/r/worldnews/comments/th3ycn/rworldnews_live_thread_russian_invasion_of/
thle84,t3_thle84,c1bf403dc4de7bed38a1fdb777d64a90,"/r/WorldNews Live Thread: Russian Invasion of Ukraine Day 24, Part 1 (Thread #154)",1647656533.0,2022-03-19 02:22:13,9353,1835,0.95,/r/worldnews/comments/thle84/rworldnews_live_thread_russian_invasion_of/
ti333c,t3_ti333c,c1bf403dc4de7bed38a1fdb777d64a90,"/r/WorldNews Live Thread: Russian Invasion of Ukraine Day 24, Part 2 (Thread #155)",1647718963.0,2022-03-19 19:42:43,5657,1786,0.94,/r/worldnews/comments/ti333c/rworldnews_live_thread_russian_invasion_of/
ticq6n,t3_ticq6n,c1bf403dc4de7bed38a1fdb777d64a90,"/r/WorldNews Live Thread: Russian Invasion of Ukraine Day 25, Part 1 (Thread #156)",1647748926.0,2022-03-20 04:02:06,9311,1755,0.95,/r/worldnews/comments/ticq6n/rworldnews_live_thread_russian_invasion_of/
tiv67w,t3_tiv67w,c1bf403dc4de7bed38a1fdb777d64a90,"/r/WorldNews Live Thread: Russian Invasion of Ukraine Day 25, Part 2 (Thread #157)",1647811109.0,2022-03-20 21:18:29,5804,1757,0.95,/r/worldnews/comments/tiv67w/rworldnews_live_thread_russian_invasion_of/
tj2zp9,t3_tj2zp9,c1bf403dc4de7bed38a1fdb777d64a90,"/r/WorldNews Live Thread: Russian Invasion of Ukraine Day 26, Part 1 (Thread #158)",1647835225.0,2022-03-21 04:00:25,9304,1872,0.95,/r/worldnews/comments/tj2zp9/rworldnews_live_thread_russian_invasion_of/
tjjlwx,t3_tjjlwx,c1bf403dc4de7bed38a1fdb777d64a90,"/r/WorldNews Live Thread: Russian Invasion of Ukraine Day 26, Part 2 (Thread #159)",1647890310.0,2022-03-21 19:18:30,6824,2222,0.95,/r/worldnews/comments/tjjlwx/rworldnews_live_thread_russian_invasion_of/
tjueug,t3_tjueug,c1bf403dc4de7bed38a1fdb777d64a90,"/r/WorldNews Live Thread: Russian Invasion of Ukraine Day 27, Part 1 (Thread #160)",1647921771.0,2022-03-22 04:02:51,9269,1669,0.96,/r/worldnews/comments/tjueug/rworldnews_live_thread_russian_invasion_of/
tkcir0,t3_tkcir0,c1bf403dc4de7bed38a1fdb777d64a90,"/r/WorldNews Live Thread: Russian Invasion of Ukraine Day 27, Part 2 (Thread #161)",1647981515.0,2022-03-22 20:38:35,6211,1700,0.94,/r/worldnews/comments/tkcir0/rworldnews_live_thread_russian_invasion_of/
tklhyv,t3_tklhyv,c1bf403dc4de7bed38a1fdb777d64a90,"/r/WorldNews Live Thread: Russian Invasion of Ukraine Day 28, Part 1 (Thread #162)",1648008088.0,2022-03-23 04:01:28,9320,1741,0.94,/r/worldnews/comments/tklhyv/rworldnews_live_thread_russian_invasion_of/
tlbh4e,t3_tlbh4e,c1bf403dc4de7bed38a1fdb777d64a90,"/r/WorldNews Live Thread: Russian Invasion of Ukraine Day 28, Part 2 (Thread #163)",1648065853.0,2022-03-23 20:04:13,6450,1627,0.95,/r/worldnews/comments/tlbh4e/rworldnews_live_thread_russian_invasion_of/
tlx7fe,t3_tlx7fe,c1bf403dc4de7bed38a1fdb777d64a90,"/r/WorldNews Live Thread: Russian Invasion of Ukraine Day 29, Part 1 (Thread #164)",1648094591.0,2022-03-24 04:03:11,9375,1591,0.95,/r/worldnews/comments/tlx7fe/rworldnews_live_thread_russian_invasion_of/
tms6l5,t3_tms6l5,c1bf403dc4de7bed38a1fdb777d64a90,"/r/WorldNews Live Thread: Russian Invasion of Ukraine Day 29, Part 2 (Thread #165)",1648145098.0,2022-03-24 18:04:58,7490,1612,0.95,/r/worldnews/comments/tms6l5/rworldnews_live_thread_russian_invasion_of/
tndjsu,t3_tndjsu,c1bf403dc4de7bed38a1fdb777d64a90,"/r/WorldNews Live Thread: Russian Invasion of Ukraine Day 30, Part 1 (Thread #166)",1648180824.0,2022-03-25 04:00:24,9391,1501,0.95,/r/worldnews/comments/tndjsu/rworldnews_live_thread_russian_invasion_of/
tnxo32,t3_tnxo32,c1bf403dc4de7bed38a1fdb777d64a90,"/r/WorldNews Live Thread: Russian Invasion of Ukraine Day 30, Part 2 (Thread #167)",1648238313.0,2022-03-25 19:58:33,5601,1270,0.94,/r/worldnews/comments/tnxo32/rworldnews_live_thread_russian_invasion_of/
togep6,t3_togep6,c1bf403dc4de7bed38a1fdb777d64a90,"/r/WorldNews Live Thread: Russian Invasion of Ukraine Day 31, Part 1 (Thread #168)",1648267207.0,2022-03-26 04:00:07,9325,1473,0.95,/r/worldnews/comments/togep6/rworldnews_live_thread_russian_invasion_of/
tp4393,t3_tp4393,c1bf403dc4de7bed38a1fdb777d64a90,"/r/WorldNews Live Thread: Russian Invasion of Ukraine Day 31, Part 2 (Thread #169)",1648328641.0,2022-03-26 21:04:01,4575,1508,0.94,/r/worldnews/comments/tp4393/rworldnews_live_thread_russian_invasion_of/
tpc0qa,t3_tpc0qa,c1bf403dc4de7bed38a1fdb777d64a90,"/r/WorldNews Live Thread: Russian Invasion of Ukraine Day 32, Part 1 (Thread #170)",1648353622.0,2022-03-27 04:00:22,9288,1532,0.94,/r/worldnews/comments/tpc0qa/rworldnews_live_thread_russian_invasion_of/
tpxxg1,t3_tpxxg1,c1bf403dc4de7bed38a1fdb777d64a90,"/r/WorldNews Live Thread: Russian Invasion of Ukraine Day 33, Part 1 (Thread #171)",1648430315.0,2022-03-28 01:18:35,9343,1694,0.94,/r/worldnews/comments/tpxxg1/rworldnews_live_thread_russian_invasion_of/
tqolwd,t3_tqolwd,c1bf403dc4de7bed38a1fdb777d64a90,"/r/WorldNews Live Thread: Russian Invasion of Ukraine Day 34, Part 1 (Thread #172)",1648517567.0,2022-03-29 01:32:47,9299,1487,0.95,/r/worldnews/comments/tqolwd/rworldnews_live_thread_russian_invasion_of/
trthc7,t3_trthc7,c1bf403dc4de7bed38a1fdb777d64a90,"/r/WorldNews Live Thread: Russian Invasion of Ukraine Day 35, Part 1 (Thread #173)",1648598565.0,2022-03-30 00:02:45,9361,1701,0.95,/r/worldnews/comments/trthc7/rworldnews_live_thread_russian_invasion_of/
tsqyoi,t3_tsqyoi,c1bf403dc4de7bed38a1fdb777d64a90,"/r/WorldNews Live Thread: Russian Invasion of Ukraine Day 36, Part 1 (Thread #174)",1648698154.0,2022-03-31 03:42:34,7141,1183,0.95,/r/worldnews/comments/tsqyoi/rworldnews_live_thread_russian_invasion_of/
ttea0z,t3_ttea0z,c1bf403dc4de7bed38a1fdb777d64a90,"/r/WorldNews Live Thread: Russian Invasion of Ukraine Day 37, Part 1 (Thread #175)",1648774264.0,2022-04-01 00:51:04,8735,1398,0.95,/r/worldnews/comments/ttea0z/rworldnews_live_thread_russian_invasion_of/
tu9wwh,t3_tu9wwh,c1bf403dc4de7bed38a1fdb777d64a90,"/r/WorldNews Live Thread: Russian Invasion of Ukraine Day 38, Part 1 (Thread #176)",1648872004.0,2022-04-02 04:00:04,6746,1317,0.94,/r/worldnews/comments/tu9wwh/rworldnews_live_thread_russian_invasion_of/
tv0emr,t3_tv0emr,c1bf403dc4de7bed38a1fdb777d64a90,"/r/WorldNews Live Thread: Russian Invasion of Ukraine Day 39, Part 1 (Thread #177)",1648958412.0,2022-04-03 04:00:12,9247,1970,0.94,/r/worldnews/comments/tv0emr/rworldnews_live_thread_russian_invasion_of/
tvso4l,t3_tvso4l,c1bf403dc4de7bed38a1fdb777d64a90,"/r/WorldNews Live Thread: Russian Invasion of Ukraine Day 40, Part 1 (Thread #178)",1649044808.0,2022-04-04 04:00:08,9367,1559,0.96,/r/worldnews/comments/tvso4l/rworldnews_live_thread_russian_invasion_of/
twkwe0,t3_twkwe0,c1bf403dc4de7bed38a1fdb777d64a90,"/r/WorldNews Live Thread: Russian Invasion of Ukraine Day 41, Part 1 (Thread #179)",1649127276.0,2022-04-05 02:54:36,9375,1453,0.94,/r/worldnews/comments/twkwe0/rworldnews_live_thread_russian_invasion_of/
txb0ov,t3_txb0ov,c1bf403dc4de7bed38a1fdb777d64a90,"/r/WorldNews Live Thread: Russian Invasion of Ukraine Day 42, Part 1 (Thread #180)",1649209933.0,2022-04-06 01:52:13,8771,1472,0.94,/r/worldnews/comments/txb0ov/rworldnews_live_thread_russian_invasion_of/
ty4fx4,t3_ty4fx4,c1bf403dc4de7bed38a1fdb777d64a90,"/r/WorldNews Live Thread: Russian Invasion of Ukraine Day 43, Part 1 (Thread #181)",1649304030.0,2022-04-07 04:00:30,8345,1251,0.95,/r/worldnews/comments/ty4fx4/rworldnews_live_thread_russian_invasion_of/
tyuxab,t3_tyuxab,c1bf403dc4de7bed38a1fdb777d64a90,"/r/WorldNews Live Thread: Russian Invasion of Ukraine Day 44, Part 1 (Thread #182)",1649390587.0,2022-04-08 04:03:07,8049,1204,0.95,/r/worldnews/comments/tyuxab/rworldnews_live_thread_russian_invasion_of/
tzl30n,t3_tzl30n,c1bf403dc4de7bed38a1fdb777d64a90,"/r/WorldNews Live Thread: Russian Invasion of Ukraine Day 45, Part 1 (Thread #183)",1649476954.0,2022-04-09 04:02:34,5406,1194,0.95,/r/worldnews/comments/tzl30n/rworldnews_live_thread_russian_invasion_of/
u09mm7,t3_u09mm7,c1bf403dc4de7bed38a1fdb777d64a90,"/r/WorldNews Live Thread: Russian Invasion of Ukraine Day 46, Part 1 (Thread #184)",1649563255.0,2022-04-10 04:00:55,5488,1322,0.95,/r/worldnews/comments/u09mm7/rworldnews_live_thread_russian_invasion_of/
u0yy7v,t3_u0yy7v,c1bf403dc4de7bed38a1fdb777d64a90,"/r/WorldNews Live Thread: Russian Invasion of Ukraine Day 47, Part 1 (Thread #185)",1649649747.0,2022-04-11 04:02:27,6945,1191,0.95,/r/worldnews/comments/u0yy7v/rworldnews_live_thread_russian_invasion_of/
u1q7bg,t3_u1q7bg,c1bf403dc4de7bed38a1fdb777d64a90,"/r/WorldNews Live Thread: Russian Invasion of Ukraine Day 48, Part 1 (Thread #186)",1649736169.0,2022-04-12 04:02:49,6904,1225,0.95,/r/worldnews/comments/u1q7bg/rworldnews_live_thread_russian_invasion_of/
u2hmac,t3_u2hmac,c1bf403dc4de7bed38a1fdb777d64a90,"/r/WorldNews Live Thread: Russian Invasion of Ukraine Day 49, Part 1 (Thread #187)",1649822522.0,2022-04-13 04:02:02,8864,1163,0.94,/r/worldnews/comments/u2hmac/rworldnews_live_thread_russian_invasion_of/
u38mps,t3_u38mps,c1bf403dc4de7bed38a1fdb777d64a90,"/r/WorldNews Live Thread: Russian Invasion of Ukraine Day 50, Part 1 (Thread #188)",1649908955.0,2022-04-14 04:02:35,9346,1586,0.95,/r/worldnews/comments/u38mps/rworldnews_live_thread_russian_invasion_of/
u3x4df,t3_u3x4df,c1bf403dc4de7bed38a1fdb777d64a90,"/r/WorldNews Live Thread: Russian Invasion of Ukraine Day 51, Part 1 (Thread #189)",1649987531.0,2022-04-15 01:52:11,9333,1520,0.94,/r/worldnews/comments/u3x4df/rworldnews_live_thread_russian_invasion_of/
u4l2g2,t3_u4l2g2,c1bf403dc4de7bed38a1fdb777d64a90,"/r/WorldNews Live Thread: Russian Invasion of Ukraine Day 51, Part 2 (Thread #190)",1650066581.0,2022-04-15 23:49:41,3986,1295,0.93,/r/worldnews/comments/u4l2g2/rworldnews_live_thread_russian_invasion_of/
u510fs,t3_u510fs,c1bf403dc4de7bed38a1fdb777d64a90,"/r/WorldNews Live Thread: Russian Invasion of Ukraine Day 52, Part 1 (Thread #191)",1650125319.0,2022-04-16 16:08:39,3942,1161,0.94,/r/worldnews/comments/u510fs/rworldnews_live_thread_russian_invasion_of/
u5gz0u,t3_u5gz0u,c1bf403dc4de7bed38a1fdb777d64a90,"/r/WorldNews Live Thread: Russian Invasion of Ukraine Day 53, Part 1 (Thread #192)",1650176304.0,2022-04-17 06:18:24,5442,1252,0.94,/r/worldnews/comments/u5gz0u/rworldnews_live_thread_russian_invasion_of/
u64789,t3_u64789,c1bf403dc4de7bed38a1fdb777d64a90,"/r/WorldNews Live Thread: Russian Invasion of Ukraine Day 54, Part 1 (Thread #193)",1650254447.0,2022-04-18 04:00:47,6761,1601,0.95,/r/worldnews/comments/u64789/rworldnews_live_thread_russian_invasion_of/
u6w4fn,t3_u6w4fn,c1bf403dc4de7bed38a1fdb777d64a90,"/r/WorldNews Live Thread: Russian Invasion of Ukraine Day 55, Part 1 (Thread #194)",1650340948.0,2022-04-19 04:02:28,7373,1311,0.94,/r/worldnews/comments/u6w4fn/rworldnews_live_thread_russian_invasion_of/
u7nss2,t3_u7nss2,c1bf403dc4de7bed38a1fdb777d64a90,"/r/WorldNews Live Thread: Russian Invasion of Ukraine Day 56, Part 1 (Thread #195)",1650427358.0,2022-04-20 04:02:38,6600,1160,0.94,/r/worldnews/comments/u7nss2/rworldnews_live_thread_russian_invasion_of/
u8eqnj,t3_u8eqnj,c1bf403dc4de7bed38a1fdb777d64a90,"/r/WorldNews Live Thread: Russian Invasion of Ukraine Day 57, Part 1 (Thread #196)",1650513605.0,2022-04-21 04:00:05,6841,1202,0.95,/r/worldnews/comments/u8eqnj/rworldnews_live_thread_russian_invasion_of/
u95nyv,t3_u95nyv,c1bf403dc4de7bed38a1fdb777d64a90,"/r/WorldNews Live Thread: Russian Invasion of Ukraine Day 58, Part 1 (Thread #197)",1650600003.0,2022-04-22 04:00:03,6441,1210,0.94,/r/worldnews/comments/u95nyv/rworldnews_live_thread_russian_invasion_of/
u9wv3s,t3_u9wv3s,c1bf403dc4de7bed38a1fdb777d64a90,"/r/WorldNews Live Thread: Russian Invasion of Ukraine Day 59, Part 1 (Thread #198)",1650686579.0,2022-04-23 04:02:59,5179,1052,0.94,/r/worldnews/comments/u9wv3s/rworldnews_live_thread_russian_invasion_of/
uama2x,t3_uama2x,c1bf403dc4de7bed38a1fdb777d64a90,"/r/WorldNews Live Thread: Russian Invasion of Ukraine Day 60, Part 1 (Thread #199)",1650772802.0,2022-04-24 04:00:02,6145,1277,0.95,/r/worldnews/comments/uama2x/rworldnews_live_thread_russian_invasion_of/
ubc8rs,t3_ubc8rs,c1bf403dc4de7bed38a1fdb777d64a90,"/r/WorldNews Live Thread: Russian Invasion of Ukraine Day 61, Part 1 (Thread #200)",1650859203.0,2022-04-25 04:00:03,6982,1488,0.95,/r/worldnews/comments/ubc8rs/rworldnews_live_thread_russian_invasion_of/
uc3utu,t3_uc3utu,c1bf403dc4de7bed38a1fdb777d64a90,"/r/WorldNews Live Thread: Russian Invasion of Ukraine Day 62, Part 1 (Thread #201)",1650945602.0,2022-04-26 04:00:02,7148,1075,0.94,/r/worldnews/comments/uc3utu/rworldnews_live_thread_russian_invasion_of/
ucurq6,t3_ucurq6,c1bf403dc4de7bed38a1fdb777d64a90,"/r/WorldNews Live Thread: Russian Invasion of Ukraine Day 63, Part 1 (Thread #202)",1651032007.0,2022-04-27 04:00:07,6136,1277,0.95,/r/worldnews/comments/ucurq6/rworldnews_live_thread_russian_invasion_of/
udma4w,t3_udma4w,c1bf403dc4de7bed38a1fdb777d64a90,"/r/WorldNews Live Thread: Russian Invasion of Ukraine Day 64, Part 1 (Thread #203)",1651118546.0,2022-04-28 04:02:26,7878,1142,0.94,/r/worldnews/comments/udma4w/rworldnews_live_thread_russian_invasion_of/
ueddzq,t3_ueddzq,c1bf403dc4de7bed38a1fdb777d64a90,"/r/WorldNews Live Thread: Russian Invasion of Ukraine Day 65, Part 1 (Thread #204)",1651204806.0,2022-04-29 04:00:06,5756,978,0.94,/r/worldnews/comments/ueddzq/rworldnews_live_thread_russian_invasion_of/
uf35hi,t3_uf35hi,c1bf403dc4de7bed38a1fdb777d64a90,"/r/WorldNews Live Thread: Russian Invasion of Ukraine Day 66, Part 1 (Thread #205)",1651291373.0,2022-04-30 04:02:53,4278,972,0.95,/r/worldnews/comments/uf35hi/rworldnews_live_thread_russian_invasion_of/
ufrkub,t3_ufrkub,c1bf403dc4de7bed38a1fdb777d64a90,"/r/WorldNews Live Thread: Russian Invasion of Ukraine Day 66, Part 2 (Thread #206)",1651377739.0,2022-05-01 04:02:19,2724,849,0.94,/r/worldnews/comments/ufrkub/rworldnews_live_thread_russian_invasion_of/
ug6fnw,t3_ug6fnw,c1bf403dc4de7bed38a1fdb777d64a90,"/r/WorldNews Live Thread: Russian Invasion of Ukraine Day 67, Part 1 (Thread #207)",1651430670.0,2022-05-01 18:44:30,3998,1154,0.94,/r/worldnews/comments/ug6fnw/rworldnews_live_thread_russian_invasion_of/
ugq1y4,t3_ugq1y4,c1bf403dc4de7bed38a1fdb777d64a90,"/r/WorldNews Live Thread: Russian Invasion of Ukraine Day 68, Part 1 (Thread #208)",1651499332.0,2022-05-02 13:48:52,4639,1166,0.93,/r/worldnews/comments/ugq1y4/rworldnews_live_thread_russian_invasion_of/
uh7pck,t3_uh7pck,c1bf403dc4de7bed38a1fdb777d64a90,"/r/WorldNews Live Thread: Russian Invasion of Ukraine Day 69, Part 1 (Thread #209)",1651550574.0,2022-05-03 04:02:54,5864,1133,0.94,/r/worldnews/comments/uh7pck/rworldnews_live_thread_russian_invasion_of/
