author,submission_id,id,body,edited,created_utc,link_id,parent_id,distinguished,depth,ups,downs,score,total_awards_received,gilded,gildings
,sx3bb6,hxpme41,[removed],1645370675.0,1645370561.0,t3_sx3bb6,t3_sx3bb6,,0,48,0,48,0,0,
9af4c5f8b0c9ace61518de8c097aeddf,sx3bb6,hxpq0hn,"Don‚Äôt forget, Macron also has a election in April. I don‚Äôt blame him for trying this hard to come to an agreement. That‚Äôs his job. 

But NATO won‚Äôt agree to all of Russia‚Äôs demands like Macron wants them to so it‚Äôs a non-starter.",False,1645372102.0,t3_sx3bb6,t3_sx3bb6,,0,12,0,12,0,0,
66cd0a91811fdc294cd5fc8c2211bfd4,sx3bb6,hxpo8rd,Seeing r/russia makes me super curious what r/germany would have looked like in the 30s.,False,1645371352.0,t3_sx3bb6,t3_sx3bb6,,0,39,0,39,0,0,
205bd87ee8ed764cf60b2edb69df94b5,sx3bb6,hxppsa3,"Putin: Extends drills in Belarus indefinitely.

Putin: Lies about reducing troops, does exact opposite

This thread: Hey maybe we should take this macron meeting as a sign of deescalation",False,1645372006.0,t3_sx3bb6,t3_sx3bb6,,0,25,0,25,0,0,
6ddd4b97014ed36e608703eb9edee368,sx3bb6,hxppxt3,Why has this been unpinned??,False,1645372071.0,t3_sx3bb6,t3_sx3bb6,,0,9,0,9,0,0,
,sx3bb6,hxplfeq,"Russian state news outlet:

>Armed Forces of Ukraine may intensify offensive on the night of February 21

>ROSTOV-ON-DON, February 20. /TASS/. The Armed Forces of Ukraine can intensify their offensive on the night of February 21 near Donetsk and Lugansk, First Deputy Chairman of the State Duma Committee on CIS Affairs, Eurasian Integration and Relations with Compatriots Viktor Vodolatsky told TASS.

>""Right Sector (the organization is banned in the Russian Federation - TASS), the Armed Forces of Ukraine are moving, more and more, towards Lugansk and Donetsk. This suggests that in the near future, this night, the offensive will be intensified,"" he said.

https://tass.com/world/1406661",1645370344.0,1645370148.0,t3_sx3bb6,t3_sx3bb6,,0,34,0,34,0,0,
,sx3bb6,hxpplnm,[removed],False,1645371925.0,t3_sx3bb6,t3_sx3bb6,,0,17,0,17,0,0,
83b391d0561822e166e6a8409fe3cda8,sx3bb6,hxpmiop,"Do either Russia or Ukraine have lots of combat drones like those t√ºrkieyeyish ones used during Azerbaijan-Armenia war?

I saw lots of video from that war and the Armenian soldiers were clearly well trained and organised, yet in the end it really didn‚Äôt matter. I don‚Äôt know if Armenian could stockpile some drones too before the war breaks out, but their backward war doctrine really cost them immensely.",False,1645370613.0,t3_sx3bb6,t3_sx3bb6,,0,5,0,5,0,0,
621c945903526111aac511805d288eea,sx3bb6,hxpogxw,I'm having a really hard time finding any positive news here. Is there any sign of war not happening?,False,1645371447.0,t3_sx3bb6,t3_sx3bb6,,0,4,0,4,0,0,
00cdfb75143fcee8d5276494ba2d551c,sx3bb6,hxpq0ss,One doubt. Sorry if it's a dumb question (Have zero knowledge about politics and military). Why does any country have to wait for Olympics to get over to start a war?,False,1645372106.0,t3_sx3bb6,t3_sx3bb6,,0,3,0,3,0,0,
4f956c5f652537c6c94a0809f5137d8a,sx3bb6,hxplbgb,Monday ? After the Olympics?,False,1645370098.0,t3_sx3bb6,t3_sx3bb6,,0,11,0,11,0,0,
192848460bad9bc36aca965fe79542f3,sx3bb6,hxpq4r3,Why is this thread not a sticky?,False,1645372152.0,t3_sx3bb6,t3_sx3bb6,,0,9,0,9,0,0,
d44b8beeb804d263c845590111ce7745,sx3bb6,hxpm8id,Sort by new (tip for newbs),False,1645370495.0,t3_sx3bb6,t3_sx3bb6,,0,13,0,13,0,0,
4f73cf72b928cd9e1a91e0120461d433,sx3bb6,hxpn0kh,"Why doesn't putin just secede? He is a 70 year old dude who is perhaps the richest human being alive.

Wtf more does he need?",False,1645370831.0,t3_sx3bb6,t3_sx3bb6,,0,13,0,13,0,0,
50d849eb054f06c8f54b5d8f431a7d44,sx3bb6,hxplbo8,Prepare for the worst hope for the best,False,1645370101.0,t3_sx3bb6,t3_sx3bb6,,0,10,0,10,0,0,
661771c0eabfd887ecb21fd5b8030c10,sx3bb6,hxppbbg,"Im from Argentina, yesterday i was partying with some friends and we all started talking about this. The first thing a friend of mine said was something like ""I cant believe its 2022 and the world is going to have another big war"". I told her i feel the same since last week. Wtf happens under the mind of the russians? Are you seriously going to kill hundreds of thousands of people because of what? Territory? Man you dont need land to be developed, look at Singapore.",False,1645371803.0,t3_sx3bb6,t3_sx3bb6,,0,13,0,13,0,0,
f18f91a76c1b0edbbb19ac856f61858d,sx3bb6,hxpl4m3,Fuck Putin,False,1645370011.0,t3_sx3bb6,t3_sx3bb6,,0,36,0,36,0,0,
bb75dc081e8839c5522fa89187ab3875,sx3bb6,hxpoz84,"I see some airlines are stopping flights  into Ukraine, they should also stop going to russia too",False,1645371660.0,t3_sx3bb6,t3_sx3bb6,,0,6,0,6,0,0,
205bd87ee8ed764cf60b2edb69df94b5,sx3bb6,hxponbn,">Beijing Winter Olympics close after fortnight of competition and controversy

https://twitter.com/Billbrowder/status/1495420395633233923?s=20&t=wNon2h11MwCRanDIJforjw",False,1645371520.0,t3_sx3bb6,t3_sx3bb6,,0,6,0,6,0,0,
b77e458e7463d57ba82e3334c4ad2b5b,sx3bb6,hxppm6l,"In 2014 they attacked 1 day after the olympian games.

There is also day of the defender on 23rd.

So next week has a lot of possible dates for a symbolic invasion.

May we live in intresting times.",False,1645371931.0,t3_sx3bb6,t3_sx3bb6,,0,9,0,9,0,0,
243e4b470217973513227fc6f1437ebd,sx3bb6,hxpn0tj,Fuck Putin and fuck Russia!,False,1645370835.0,t3_sx3bb6,t3_sx3bb6,,0,13,0,13,0,0,
050de0ff5d767288a25d6ac441cfadb2,sx3bb6,hxplkej,"Howdy folks. New day, new thread",False,1645370210.0,t3_sx3bb6,t3_sx3bb6,,0,2,0,2,0,0,
9b23a1fac209a13ac368c75d86e29c54,sx3bb6,hxpm54w,"I feel like, it's gonna happen very soon. Putin is waiting for the right moment.",False,1645370455.0,t3_sx3bb6,t3_sx3bb6,,0,4,0,4,0,0,
797c54eca65356f86a12eda41cd702c8,sx3bb6,hxpmxv4,Breaking News: increased speculation overnight as r/worldnews enters their 4th live thread.,False,1645370799.0,t3_sx3bb6,t3_sx3bb6,,0,12,0,12,0,0,
83fe002aff19ec4d1691604bd05e83f7,sx3bb6,hxpmppw,China games are over so full steam ahead now?,False,1645370698.0,t3_sx3bb6,t3_sx3bb6,,0,3,0,3,0,0,
ed389f8e9182fa7f5a106490e0d20dab,sx3bb6,hxpmwme,"Morning, guys. Yay, still no active war. Who's our drone today?",False,1645370783.0,t3_sx3bb6,t3_sx3bb6,,0,5,0,5,0,0,
fd3f1b1236c6311d9bb81949dd681a94,sx3bb6,hxpl99z,Now this is a story all about how,False,1645370071.0,t3_sx3bb6,t3_sx3bb6,,0,2,0,2,0,0,
4953220a4077d5f098a91b8df1f1eed0,sx3bb6,hxpq8dd,"I can't see the ""live"" feed. Is it just my laptop acting up?",False,1645372194.0,t3_sx3bb6,t3_sx3bb6,,0,2,0,2,0,0,
c10494a35c3040851c18822662f6d31d,sx3bb6,hxpl8lc,Ahh seems like the time kids spam on here and know nothing about the situation.,False,1645370062.0,t3_sx3bb6,t3_sx3bb6,,0,2,0,2,0,0,
,sx3bb6,hxplh42,[removed],False,1645370170.0,t3_sx3bb6,t3_sx3bb6,,0,-1,0,-1,0,0,
b4f0f86d99fe7231ebc8afab65e8286f,sx3bb6,hxpld8z,Did something happen I was away for a weekend,False,1645370121.0,t3_sx3bb6,t3_sx3bb6,,0,1,0,1,0,0,
38afc75a17c1711693ba7ed9dc1799b7,sx3bb6,hxpl4o7,Ppl need to chill with their hard-ons for war,False,1645370012.0,t3_sx3bb6,t3_sx3bb6,,0,-14,0,-14,0,0,
ea4662ac97023c76ee9120714f629eef,sx3bb6,hxpq8ou,Anyone see the plane skirting the northeastern border literally just dissapear?,False,1645372198.0,t3_sx3bb6,t3_sx3bb6,,0,-1,0,-1,0,0,
9462e5eeb008c43f6327cf78ab354100,sx3bb6,hxplbys,Lol first 15 comments,False,1645370105.0,t3_sx3bb6,t3_sx3bb6,,0,-2,0,-2,0,0,
4852233c7b56f8aa793017c02bdf3d2a,sx3bb6,hxporru,No4 may it be the last,False,1645371573.0,t3_sx3bb6,t3_sx3bb6,,0,1,0,1,0,0,
f7927e2f6dda91a09db0a9a3cf763edf,sx3bb6,hxpxui7,"I am prepared for my downvotes but I have a question: I have been on a lot of the different subs like r/Russia and I saw a comment about these threads that made me think. If you were Russian how would you feel about the majority of comments being Putin has smol pp, Russia is a crazy country, essentially just a lot of comments about Russia being insane. I know when I see dumb American comments it irritates me..I guess I just wonder if we are contributing to feelings of Russia vs. Everybody.",False,1645375305.0,t3_sx3bb6,t3_sx3bb6,,0,-1,0,-1,0,0,
,sx3bb6,hxplwwl,[deleted],False,1645370358.0,t3_sx3bb6,t3_sx3bb6,,0,0,0,0,0,0,
dfb099a400ecbc7fea569dfe0684245a,sx3bb6,hxpn3rm,Would an invasion on Presidents‚Äô Day have any symbolism for what to expect in the future behind it? Would it be a symbolic message to America?,False,1645370870.0,t3_sx3bb6,t3_sx3bb6,,0,-4,0,-4,0,0,
984ca1834a30f2ac113f84ecef6600ed,sx3bb6,hxplkt1,Putin drinks soy milk because lactose leaves tread marks in his tighty whities,False,1645370215.0,t3_sx3bb6,t3_sx3bb6,,0,-1,0,-1,0,0,
02e07a96332da6a3f88e54d28d67490f,sx3bb6,hxpo4o5,"I feel like setting up production lines for explosive drones would fix Ukraines problem. Ram automated swarm waves of them in to Russia's front lines.. you'd lose a lot to simple machine gun fire but say you built 2million of them, with economies of scale, a war effort, and plenty of support from the west, I reckon you could build them for ¬£30 a piece..

You'd only need to spend ¬£60m",False,1645371306.0,t3_sx3bb6,t3_sx3bb6,,0,-2,0,-2,0,0,
,sx3bb6,hxpoity,[deleted],False,1645371470.0,t3_sx3bb6,t3_sx3bb6,,0,-6,0,-6,0,0,
,sx3bb6,hxpm6vd,[removed],False,1645370475.0,t3_sx3bb6,t3_sx3bb6,,0,-25,0,-25,0,0,
,sx3bb6,hxplvjz,[deleted],False,1645370342.0,t3_sx3bb6,t3_sx3bb6,,0,-23,0,-23,0,0,
daeab0a21ae5e90ac93ddcaba8238a61,sx3bb6,hxpmh8q,"Small glimmer of hope

https://www-nrk-no.translate.goog/nyheter/bade-putin-og-macron-onsker-diplomatiske-losninger-1.15862502?_x_tr_sl=auto&_x_tr_tl=en&_x_tr_hl=en&_x_tr_pto=wapp

Source NRK, Norwegian equivalent to BBC.",False,1645370597.0,t3_sx3bb6,t3_sx3bb6,,0,1,0,1,0,0,
1ef7cefb20776eb788dec11a070f5538,sx3bb6,hxpolz5,"What do know about what sanctions are considered? Will the US, EU etc really be tough or are they just trying to look tough? I am not convinced Putin will not win this game.",False,1645371505.0,t3_sx3bb6,t3_sx3bb6,,0,1,0,1,0,0,
,sx3bb6,hxpsbtl,[deleted],False,1645373056.0,t3_sx3bb6,t3_sx3bb6,,0,1,0,1,0,0,
f6c19360fc77f193cd6fa24bf122b82e,sx3bb6,hxpn9vk,First post,False,1645370944.0,t3_sx3bb6,t3_sx3bb6,,0,-16,0,-16,0,0,
,sx3bb6,hxplc4b,Pootin,False,1645370107.0,t3_sx3bb6,t3_sx3bb6,,0,-4,0,-4,0,0,
,sx3bb6,hxpl4fm,[deleted],False,1645370009.0,t3_sx3bb6,t3_sx3bb6,,0,-5,0,-5,0,0,
,sx3bb6,hxppktz,[removed],False,1645371916.0,t3_sx3bb6,t3_sx3bb6,,0,-26,0,-26,0,0,
,sx3bb6,hxpmmms,[deleted],False,1645370661.0,t3_sx3bb6,t3_sx3bb6,,0,-41,0,-41,0,0,
eaedaa45c4b8abda64b772c3fccef06e,sx3bb6,hxppbiz,Is there a war yet?,False,1645371805.0,t3_sx3bb6,t3_sx3bb6,,0,-7,0,-7,0,0,
7111dea9241c2dda153b1a0379ecf6e6,sx3bb6,hxpmxv6,Hey another thread for nothing‚Ä¶. This is all so stupid. But seriously the fascist existence in the Ukraine does need to be dealt with.,False,1645370799.0,t3_sx3bb6,t3_sx3bb6,,0,-55,0,-55,0,0,
,sx3bb6,hxpltmw,[removed],False,1645370318.0,t3_sx3bb6,t3_sx3bb6,,0,-13,0,-13,0,0,
,sx3bb6,hxpl4rj,[removed],1645370487.0,1645370013.0,t3_sx3bb6,t3_sx3bb6,,0,-16,0,-16,0,0,
3cdd7de3414bf79091d40d33df983e13,sx3bb6,hxpnksd,I wonder how many of y‚Äôall that are obsessing over this also marched for Black Lives Matter in 2020 but seem completely unbothered by historically inflated police budgets nationwide?,False,1645371077.0,t3_sx3bb6,t3_sx3bb6,,0,-69,0,-69,0,0,
68882c484a6119a6a6bf5116b8352022,sx3bb6,hxpo3kp,"What new war technology are we likely to see really used in this conflict? 
Did those unmanned drone tanks ever get going for Russia?",False,1645371293.0,t3_sx3bb6,t3_sx3bb6,,0,0,0,0,0,0,
ce1721e6841de40249f95935de2d6628,sx3bb6,hxpms17,"Yeah, I feel putin just bought himself some time, on Macron's expense.",False,1645370727.0,t3_sx3bb6,t1_hxpme41,,1,27,0,27,0,0,
,sx3bb6,hxpn2sg,[deleted],False,1645370858.0,t3_sx3bb6,t1_hxpme41,,1,19,0,19,0,0,
dde0b3d434f2363e90ab25408709f80e,sx3bb6,hxpnwx8,">plus Ukraine leave Donbass alone.

even if someone doesn't understand the significance of the first part, this right here should be all you need to see to know Putin is not serious at all.",False,1645371219.0,t3_sx3bb6,t1_hxpme41,,1,14,0,14,0,0,
0b0782ac46cdcb0fb99eadb4725db5e5,sx3bb6,hxpooou,">So the official write up of the call with macron. He wants NATO fully accept the demands Russia has sended plus Ukraine leave Donbass alone. Not gonna happen. unrealistic

If this is true it's clearly just a ploy by Putin to say he tried everything to avoid war to his people.  We shouldn't let a sovereign country get ransacked and invaded without provocation.  Even China made a public statement against this which I think is huge, meaning in the event of a war Russia would essentially stand alone.  Let's see if they are so bold.",False,1645371536.0,t3_sx3bb6,t1_hxpme41,,1,7,0,7,0,0,
0ead965e23f236f8a7718ac1cef62781,sx3bb6,hxpob32,">pushing Kiev towards a military solution to the so-called Donbass problem.

Fucking assholes using this holocaust rhetoric as propaganda.",False,1645371380.0,t3_sx3bb6,t1_hxpme41,,1,11,0,11,0,0,
6053c8beba6773df41110515bd73df48,sx3bb6,hxpnzk0,:(,False,1645371248.0,t3_sx3bb6,t1_hxpme41,,1,2,0,2,0,0,
ca6a988b411c1b91e611f183a7efe887,sx3bb6,hxpof6f,Putin really playing these leaders like fiddles honestly I'm sure Hitler etc said such things in the past and well just went ahead and invaded in anyways Lmao,False,1645371427.0,t3_sx3bb6,t1_hxpme41,,1,-1,0,-1,0,0,
2e95189b9f9a666d83676306ae352c4f,sx3bb6,hxpp7nu,"""Sudetenland is ours! üî•üî•""",False,1645371760.0,t3_sx3bb6,t1_hxpo8rd,,1,25,0,25,0,0,
2feea440685c8695b2c73d941bf0526b,sx3bb6,hxpp2tu,you answered your own question lmao,False,1645371703.0,t3_sx3bb6,t1_hxpo8rd,,1,9,0,9,0,0,
f7927e2f6dda91a09db0a9a3cf763edf,sx3bb6,hxppeyf,I've been on r/Ukraine a lot but never thought to look on r/Russia üò≥,False,1645371846.0,t3_sx3bb6,t1_hxpo8rd,,1,9,0,9,0,0,
1cff412b92faa7931c803722753ba551,sx3bb6,hxpqibo,When do you think the invasion will happen?,False,1645372310.0,t3_sx3bb6,t1_hxppsa3,,1,0,0,0,0,0,
1cff412b92faa7931c803722753ba551,sx3bb6,hxpqg3r,And it‚Äôs not showing the live feed anymore,False,1645372285.0,t3_sx3bb6,t1_hxppxt3,,1,3,0,3,0,0,
,sx3bb6,hxpq5cb,[deleted],False,1645372159.0,t3_sx3bb6,t1_hxppxt3,,1,-1,0,-1,0,0,
,sx3bb6,hxpq404,[removed],False,1645372144.0,t3_sx3bb6,t1_hxppxt3,,1,-9,0,-9,0,0,
5eb5402f0e99234af414141de8a5dd96,sx3bb6,hxpm3ea,Sure sounds imminent.,False,1645370434.0,t3_sx3bb6,t1_hxplfeq,,1,13,0,13,0,0,
4261dab1f45f6c7820a2dcbbcbf0ae2a,sx3bb6,hxplnsg,"When Russia gives a date you are in trouble.  Not because Ukraine will invade but because Russia will set it up.

Ukraine is about to fall out of a window, with 2 broken legs, on to some bullets.",False,1645370250.0,t3_sx3bb6,t1_hxplfeq,,1,48,0,48,0,0,
83b391d0561822e166e6a8409fe3cda8,sx3bb6,hxpmyol,Stop! Why are you beating my hand with your face! Stop it!,False,1645370809.0,t3_sx3bb6,t1_hxplfeq,,1,5,0,5,0,0,
cb56998fc0ea43cf8cc8a6ca8ef2137c,sx3bb6,hxpmo5i,On presidents day!!! OH NO!,False,1645370679.0,t3_sx3bb6,t1_hxplfeq,,1,4,0,4,0,0,
60c2d19616f3b8be4d073aa735b6e58f,sx3bb6,hxpoq2u,"So, projecting Russian ops in advance and whom to blame.

So fucking transparent.",False,1645371553.0,t3_sx3bb6,t1_hxplfeq,,1,2,0,2,0,0,
f0858d97f1909d28c1725ae3744e4541,sx3bb6,hxpoj7t,"So Putin is basically just copying Biden, saying ""Ukraine is planning to attack on X date"" in an attempt to water down Biden's message and confuse everyone I guess.",False,1645371474.0,t3_sx3bb6,t1_hxplfeq,,1,3,0,3,0,0,
,sx3bb6,hxpptb3,[deleted],False,1645372018.0,t3_sx3bb6,t1_hxpplnm,,1,5,0,5,0,0,
86adc8a5baec7df607a8adb396544085,sx3bb6,hxpn1tj,Ukraine bought a bunch from Turkey yes.  There was one used in 2015 or 2019 to destroy a separatist mortar.,False,1645370847.0,t3_sx3bb6,t1_hxpmiop,,1,3,0,3,0,0,
fa4d38e5a6c26da654cf4e825df2af0b,sx3bb6,hxpo4bu,"Ukraine has them, but Russia will immediately have air superiority so it is unlikely they will have a chance to use them.",False,1645371302.0,t3_sx3bb6,t1_hxpmiop,,1,1,0,1,0,0,
25336fa9245415e4ee1115fb806fcbba,sx3bb6,hxpoukz,"Agreeing to talk (the recent Macron news) is always better than not agreeing to talk, but if Russia continues to be unwilling to moderate its unreasonable demands it's hard to see how this will be any different than the last few times.",False,1645371606.0,t3_sx3bb6,t1_hxpogxw,,1,6,0,6,0,0,
d44b8beeb804d263c845590111ce7745,sx3bb6,hxpp3r8,"Well, the fact that it hasn't happened yet is good news.",False,1645371714.0,t3_sx3bb6,t1_hxpogxw,,1,6,0,6,0,0,
1cff412b92faa7931c803722753ba551,sx3bb6,hxpqd7f,Many think that Putin has waited to invade Ukraine because of the relationship between China and Russia. China was hosting the Winter Olympics and Russia did not want to upstage them with the invasion.,False,1645372250.0,t3_sx3bb6,t1_hxpq0ss,,1,8,0,8,0,0,
f1608bbe947a8d1854ac930e76fde0cb,sx3bb6,hxpq8tc,"No country has to, but one theory is that Putin wants to keep up the best relations possible with China. Overshadowing the Olympics in China could hurt that.",False,1645372199.0,t3_sx3bb6,t1_hxpq0ss,,1,6,0,6,0,0,
4f956c5f652537c6c94a0809f5137d8a,sx3bb6,hxpqdq8,"It‚Äôs a global event in which you and every other country will be participating. Having to compete against atheletes who‚Äôs country you‚Äôve just invaded would get very awkward fast. 

That being said, they don‚Äôt really have to wait, what‚Äôs more important is that this is Putin‚Äôs buddy Xi‚Äôs Olympics. Doesn‚Äôt want to overshadow china‚Äôs glory",False,1645372256.0,t3_sx3bb6,t1_hxpq0ss,,1,5,0,5,0,0,
9af4c5f8b0c9ace61518de8c097aeddf,sx3bb6,hxpq652,They don‚Äôt. Russia didn‚Äôt in Georgia in 2008.,False,1645372168.0,t3_sx3bb6,t1_hxpq0ss,,1,4,0,4,0,0,
006721724442a5a190fef554e4e9229d,sx3bb6,hxpq7w3,Because Xi is one of few Putin's friends and he wouldn't want to upset him by stealing all the attention from the Olympic games,False,1645372188.0,t3_sx3bb6,t1_hxpq0ss,,1,3,0,3,0,0,
284fcbfdabe7430ec420d38eb2bbe7f6,sx3bb6,hxpq4t1,Because China is jealous of the world stage. They don't want Russia stealing the spotlight.,False,1645372152.0,t3_sx3bb6,t1_hxpq0ss,,1,3,0,3,0,0,
81b9a67abc9128bb5cecf8c83eb3a4a2,sx3bb6,hxpq8ib,"They don‚Äôt, it‚Äôs just a gesture of respect for an erstwhile ally.",False,1645372196.0,t3_sx3bb6,t1_hxpq0ss,,1,3,0,3,0,0,
3cdd7de3414bf79091d40d33df983e13,sx3bb6,hxpuwfg,It‚Äôs a global symbolic smokescreen of an event where we pretend we‚Äôre peaceful globe except that the Olympics always displace impoverished and marginalized communities in every city they set up in.,False,1645374103.0,t3_sx3bb6,t1_hxpq0ss,,1,2,0,2,0,0,
a269739d2f3880e0dd3eb2595463ca4d,sx3bb6,hxpq7d9,It's what the Geneva Convention stipulates.,False,1645372182.0,t3_sx3bb6,t1_hxpq0ss,,1,1,0,1,0,0,
39f9f73e05a25631fc210bc9ce645868,sx3bb6,hxpnoq5,Military Olympics start now,False,1645371125.0,t3_sx3bb6,t1_hxplbgb,,1,13,0,13,0,0,
192848460bad9bc36aca965fe79542f3,sx3bb6,hxpqo25,It's also (obviously) not sorted by new,False,1645372373.0,t3_sx3bb6,t1_hxpq4r3,,1,3,0,3,0,0,
8922dee9b1a5c0e2fb8c56b737cc0286,sx3bb6,hxpt0jv,Putin trying to shut us down. Our Flight tracking is ruining the invasion.,False,1645373336.0,t3_sx3bb6,t1_hxpq4r3,,1,3,0,3,0,0,
3bafed600eec2190c59f78cd67a8d878,sx3bb6,hxpn8t8,How many tyrants lived a long happy life after losing power?,False,1645370931.0,t3_sx3bb6,t1_hxpn0kh,,1,26,0,26,0,0,
b1072cddbc6854ac02f9a934e26b87b9,sx3bb6,hxpn4xp,Unlimited power,False,1645370884.0,t3_sx3bb6,t1_hxpn0kh,,1,5,0,5,0,0,
d03ea7122f704f0635ebe186b8ea7f8f,sx3bb6,hxporze,Holy shit I didn't realize he is that old.,False,1645371575.0,t3_sx3bb6,t1_hxpn0kh,,1,5,0,5,0,0,
35da4d20291d0e88ab789393a907049c,sx3bb6,hxpntf3,Power.  All of the power.,False,1645371180.0,t3_sx3bb6,t1_hxpn0kh,,1,3,0,3,0,0,
eaf7971f9350ec43b48243abbc9a4de2,sx3bb6,hxpold2,Because the people he has fucked over during those years will be back to get square.,False,1645371498.0,t3_sx3bb6,t1_hxpn0kh,,1,2,0,2,0,0,
7c0d8185429091c3417dc9006836a2bf,sx3bb6,hxppqr3,"They get addicted to the power and wealth - look at the Bezos types, once you‚Äôre that rich you basically collect money, rather than earn it.",False,1645371987.0,t3_sx3bb6,t1_hxpn0kh,,1,2,0,2,0,0,
e81997a676846473d1a0a91dc7ae16bc,sx3bb6,hxpnxdr,War is probably the last thing left on his check list of things to do as president?,1645372249.0,1645371224.0,t3_sx3bb6,t1_hxpn0kh,,1,2,0,2,0,0,
40b88fc5eeaddcb7acd3963cca9e7fca,sx3bb6,hxpqin2,"all tyrants have no option of secede. because the way to be a tyrant, he sets up too many enemies, and they would love to destroy him at once when he secede from his position. 
Cherish your democracy, Western boys.",False,1645372314.0,t3_sx3bb6,t1_hxpn0kh,,1,1,0,1,0,0,
864405938b46caefb0e19f98b490cac9,sx3bb6,hxppzbu,"It's not about him. If Ukraine joins NATO, Russia has a huge strategic disadvantage. It'd be like if Mexico started talking about being military allies with China. There's definitely long term incentives for taking back Ukraine and this has been a conflict for a very long time now.",False,1645372089.0,t3_sx3bb6,t1_hxpn0kh,,1,0,0,0,0,0,
29a26d7733028cee46419c295a854942,sx3bb6,hxpolqx,Praying for sunshine and waiting for rain.,False,1645371502.0,t3_sx3bb6,t1_hxplbo8,,1,4,0,4,0,0,
8922dee9b1a5c0e2fb8c56b737cc0286,sx3bb6,hxppj6j,It‚Äôs not about the physical land. It‚Äôs about preventing democracy from spreading to Russia. But I agree it‚Äôs crazy.,False,1645371896.0,t3_sx3bb6,t1_hxppbbg,,1,15,0,15,0,0,
cf77af39399f651424f32ee42b94b162,sx3bb6,hxppt1g,Russia is already developed this just gives them greater access to winter ports and a buffer incase of NATO trying to push its will on Russia.  Dont get me wrong fuck Putin he is a bitch but this is why he is doing it. Plus its really hard to leave a lasting legecy without territorial expansion.,False,1645372015.0,t3_sx3bb6,t1_hxppbbg,,1,6,0,6,0,0,
a635aa32bbbb652746b2dc7f2b5336d3,sx3bb6,hxpndzd,And the congregation says amen.,False,1645370995.0,t3_sx3bb6,t1_hxpl4m3,,1,2,0,2,0,0,
8922dee9b1a5c0e2fb8c56b737cc0286,sx3bb6,hxpp75j,The decision about cancelling flights is about insurance coverage for aircraft‚Äîairlines aren‚Äôt going to stop making money on flights to Moscow.,False,1645371754.0,t3_sx3bb6,t1_hxpoz84,,1,6,0,6,0,0,
3bafed600eec2190c59f78cd67a8d878,sx3bb6,hxpp2wk,Money.,False,1645371704.0,t3_sx3bb6,t1_hxpoz84,,1,1,0,1,0,0,
cf77af39399f651424f32ee42b94b162,sx3bb6,hxpq31q,"Now the olympics are doing fortnight this is just rediculous. 

.

.

.

.

.

.

.

.

/s",False,1645372132.0,t3_sx3bb6,t1_hxponbn,,1,0,0,0,0,0,
2555bec6d1786b78f23d18ef84cd0a8a,sx3bb6,hxpq04n,I‚Äòd prefer to live in peaceful times.,False,1645372098.0,t3_sx3bb6,t1_hxppm6l,,1,12,0,12,0,0,
41fc6cc015a79907298328df0a79c6c7,sx3bb6,hxpq13i,"""May we live in intresting times.""

k ü•¥",False,1645372110.0,t3_sx3bb6,t1_hxppm6l,,1,6,0,6,0,0,
5d77cf2635c48b90f6cf63f26fb0ccaf,sx3bb6,hxq15ep,So its not crazier than Crimea? But I hope nothing happens,False,1645376630.0,t3_sx3bb6,t1_hxppm6l,,1,1,0,1,0,0,
1cff412b92faa7931c803722753ba551,sx3bb6,hxpqn74,Tonight or tomorrow night?,False,1645372364.0,t3_sx3bb6,t1_hxppm6l,,1,0,0,0,0,0,
222f5cc7980de1111a030c9a16ef8fc2,sx3bb6,hxpqesv,ü´Ç,False,1645372269.0,t3_sx3bb6,t1_hxpn0tj,,1,1,0,1,0,0,
31309bd22cc6d8925726bcfe7569636f,sx3bb6,hxpsydr,"I don't get it. Nobody of us wants to go to war. This isn't 20th century, we kinda know each other through the internet. If Putin makes us go to war, we most likely won't fight. The entire world is screaming at Putin to stop the invasion, yet he doesn't hear. I believe this won't be Hitler #2, it's gonna end catastrophically for Putin if he pushes for war.",False,1645373311.0,t3_sx3bb6,t1_hxpm54w,,1,2,0,2,0,0,
59e2d4b46a85f2bbab6b5118d178cfb8,sx3bb6,hxpq2yj,It's actually 12th live thread or something already. :),False,1645372131.0,t3_sx3bb6,t1_hxpmxv4,,1,4,0,4,0,0,
bb92367294ea0376410b80ab2837d7ad,sx3bb6,hxpn1oo,It started days ago.  The question is how far they will take it.,False,1645370845.0,t3_sx3bb6,t1_hxpmppw,,1,3,0,3,0,0,
,sx3bb6,hxpnlpy,[removed],False,1645371088.0,t3_sx3bb6,t1_hxpmppw,,1,-4,0,-4,0,0,
96b42323d84d78409f25c1925953a1aa,sx3bb6,hxpldg6,Putin turned everyone‚Äôs life upside down,False,1645370124.0,t3_sx3bb6,t1_hxpl99z,,1,13,0,13,0,0,
1cff412b92faa7931c803722753ba551,sx3bb6,hxpqpgw,Yea it‚Äôs not working,False,1645372390.0,t3_sx3bb6,t1_hxpq8dd,,1,1,0,1,0,0,
0cef4bd53cad07bba47e39d595f8f613,sx3bb6,hxplzg6,Can confirm. My dad is Putin.,False,1645370389.0,t3_sx3bb6,t1_hxplh42,,1,3,0,3,0,0,
ef61c6ba0700be7a95b9781d0f7500c4,sx3bb6,hxpmbex,Finland beat Russia in the men's hockey,False,1645370529.0,t3_sx3bb6,t1_hxpld8z,,1,13,0,13,0,0,
ab12d56d4f0c842aa90da9d6a733a4dc,sx3bb6,hxpmd19,"Yes, Russia was defeated... by Finland in the hockey final!",False,1645370548.0,t3_sx3bb6,t1_hxpld8z,,1,8,0,8,0,0,
656acdb29330bfd856499abfcb5c0e3f,sx3bb6,hxplafq,Not sure where you're getting that from? Most people are just following the story.,False,1645370085.0,t3_sx3bb6,t1_hxpl4o7,,1,17,0,17,0,0,
df9fcd0f0e3a19a51f9e8481007deff4,sx3bb6,hxpovmj,I mean this is the WorldNews subreddit and this is a world news event. Going by the subreddits you frequent I can make all sorts of judgements about you that I won't. So if you don't want to be informed about world events you don't have to be here.,1645371907.0,1645371618.0,t3_sx3bb6,t1_hxpl4o7,,1,2,0,2,0,0,
e2189309da0e9981ecfe1785a5edbc54,sx3bb6,hxpqbfo,Nobody has a hard on for war gtfo,False,1645372229.0,t3_sx3bb6,t1_hxpl4o7,,1,1,0,1,0,0,
3dc9b28d590b7124f6cca133a5042bb9,sx3bb6,hxpr831,The only logical explanation is that it was shot down and you were the first to discover it. They will name the wreckage after you. You‚Äôll be talked about like Franz Ferdinand.,False,1645372601.0,t3_sx3bb6,t1_hxpq8ou,,1,16,0,16,0,0,
7ec0aea2307dbdf7843495c2b16a4f57,sx3bb6,hxpqbkn,most likely turned its transponder off,False,1645372231.0,t3_sx3bb6,t1_hxpq8ou,,1,3,0,3,0,0,
0d5ed9147a9ad2316049cca195e8f9dd,sx3bb6,hxpqnnw,It's a ninja.,False,1645372369.0,t3_sx3bb6,t1_hxpq8ou,,1,1,0,1,0,0,
e81997a676846473d1a0a91dc7ae16bc,sx3bb6,hxpup8y,Do you have a link?,False,1645374023.0,t3_sx3bb6,t1_hxpq8ou,,1,1,0,1,0,0,
277844fd8d40840c03a1657e7b8c5bf0,sx3bb6,hxr6p5u,"""I know when I see dumb American comments it irritates me..""

Umm have you watched the news? Or YouTube? This country has some of the most brain dead fucks around. Those videos where they go interview people at Trump rallies are horrifying.",False,1645393893.0,t3_sx3bb6,t1_hxpxui7,,1,1,0,1,0,0,
bb92367294ea0376410b80ab2837d7ad,sx3bb6,hxpm7ce,"As evidenced by the worsening fighting, propaganda fire hose and Russia deciding to stay in Belarus.",False,1645370480.0,t3_sx3bb6,t1_hxplwwl,,1,4,0,4,0,0,
5eb5402f0e99234af414141de8a5dd96,sx3bb6,hxpm78p,What in the hell makes you think that? Just your deep well of experience in these matters?,False,1645370479.0,t3_sx3bb6,t1_hxplwwl,,1,2,0,2,0,0,
c8f300958a872578a4fe460d11421192,sx3bb6,hxpo8fw,"Probably about the same amount of symbolism as if there was an Invasion on Arbor Day (that is, none at all)",False,1645371349.0,t3_sx3bb6,t1_hxpn3rm,,1,6,0,6,0,0,
6ffc6b83feaec04c601f0d99540dfc98,sx3bb6,hxpqfd1,No. Nobody in the US gives a shit about President's Day other than some people have the day off.,False,1645372276.0,t3_sx3bb6,t1_hxpn3rm,,1,2,0,2,0,0,
d44b8beeb804d263c845590111ce7745,sx3bb6,hxpo1zl,"It would be a middle finger to the US, but the US wouldn't respond any differently than they would if he invaded on any other given day.",False,1645371275.0,t3_sx3bb6,t1_hxpn3rm,,1,2,0,2,0,0,
f0858d97f1909d28c1725ae3744e4541,sx3bb6,hxpoxlm,When is Presidents day?,False,1645371642.0,t3_sx3bb6,t1_hxpn3rm,,1,1,0,1,0,0,
776804eded93129f2b095143b4e8682e,sx3bb6,hxpq0vh,So basically aerial homing grenades. The future of combat seems very disturbing,False,1645372107.0,t3_sx3bb6,t1_hxpo4o5,,1,2,0,2,0,0,
5eb5402f0e99234af414141de8a5dd96,sx3bb6,hxpovad,Flak makes that basically useless.,False,1645371614.0,t3_sx3bb6,t1_hxpo4o5,,1,1,0,1,0,0,
5eb5402f0e99234af414141de8a5dd96,sx3bb6,hxpmcbs,No they didn't.,False,1645370540.0,t3_sx3bb6,t1_hxpm6vd,,1,16,0,16,0,0,
290560062544b13b286aa85e2bb4f534,sx3bb6,hxpmcym,"> RT


Lol",False,1645370547.0,t3_sx3bb6,t1_hxpm6vd,,1,11,0,11,0,0,
d44b8beeb804d263c845590111ce7745,sx3bb6,hxpmr54,"Big if true but realistically, it's meaningless. A. RT is propaganda. B. This further sets the stage for false flags. ""I agreed not to escalate but Ukraine attacked us anyway.""",1645370998.0,1645370716.0,t3_sx3bb6,t1_hxpm6vd,,1,10,0,10,0,0,
ce1721e6841de40249f95935de2d6628,sx3bb6,hxpmdla,I thought they agreed to have some sort of talks about measures.,False,1645370555.0,t3_sx3bb6,t1_hxpm6vd,,1,3,0,3,0,0,
503dcd351a1cbe70d44fa16b39e9395b,sx3bb6,hxpmgra,Is this real?,False,1645370592.0,t3_sx3bb6,t1_hxpm6vd,,1,3,0,3,0,0,
4261dab1f45f6c7820a2dcbbcbf0ae2a,sx3bb6,hxpmorx,"Last warning for all these types of posts.  Downvote on all ""breaking"" without a source.

Edit: saying the source without a link isn't a source.",False,1645370687.0,t3_sx3bb6,t1_hxpm6vd,,1,8,0,8,0,0,
d44b8beeb804d263c845590111ce7745,sx3bb6,hxpmb0n,Get ready for a few thousand comments from people who say nothing's gonna happen.,False,1645370525.0,t3_sx3bb6,t1_hxplvjz,,1,13,0,13,1,0,
02e07a96332da6a3f88e54d28d67490f,sx3bb6,hxpnc2c,I feel like putin is taking macron for a bit of a ride. Macron seems to be falling for it hook line & sinker,False,1645370972.0,t3_sx3bb6,t1_hxpmh8q,,1,12,0,12,0,0,
d44b8beeb804d263c845590111ce7745,sx3bb6,hxpnggd,Bless your heart.,False,1645371025.0,t3_sx3bb6,t1_hxpn9vk,,1,7,0,7,0,0,
a269739d2f3880e0dd3eb2595463ca4d,sx3bb6,hxpnwa4,"Nearly, keep trying!",False,1645371212.0,t3_sx3bb6,t1_hxpn9vk,,1,4,0,4,0,0,
7f60b13d461702464b5c165e5efe0c7f,sx3bb6,hxppq91,First time?,False,1645371981.0,t3_sx3bb6,t1_hxpn9vk,,1,1,0,1,0,0,
2b8566f6de44dd3a04803348856eda81,sx3bb6,hxppt23,Pooty,False,1645372015.0,t3_sx3bb6,t1_hxplc4b,,1,1,0,1,0,0,
984ca1834a30f2ac113f84ecef6600ed,sx3bb6,hxplnhm,Who?,False,1645370246.0,t3_sx3bb6,t1_hxpl4fm,,1,-1,0,-1,0,0,
81b9a67abc9128bb5cecf8c83eb3a4a2,sx3bb6,hxppxdh,"Nice revisionism, Georgia absolutely did not start the 2008 conflict. 

https://www.rferl.org/a/Eyewitness_Accounts_Confirm_Shelling_Of_Georgian_Villages/1349256.html",False,1645372066.0,t3_sx3bb6,t1_hxppktz,,1,15,0,15,0,0,
9af4c5f8b0c9ace61518de8c097aeddf,sx3bb6,hxpqcjf,"Oh yeah. The country of Georgia, with it‚Äôs giant amount of land and giant army attacked Russia. Lmao.",False,1645372242.0,t3_sx3bb6,t1_hxppktz,,1,9,0,9,0,0,
4261dab1f45f6c7820a2dcbbcbf0ae2a,sx3bb6,hxpnfun,"The separatists aren't amassing 150k troops all around Ukraine.  Ukraine hasn't even fired at the separatists regions.  After Crimea ""fought for independence"" Russia just took it over.

It's very very different my man.",False,1645371018.0,t3_sx3bb6,t1_hxpmmms,,1,10,0,10,0,0,
560fb76c88780cf3815d57705f1bb636,sx3bb6,hxpn4gc,Pretty sure it was the russians who supported the oligarchs,False,1645370878.0,t3_sx3bb6,t1_hxpmmms,,1,5,0,5,0,0,
656acdb29330bfd856499abfcb5c0e3f,sx3bb6,hxpmvlh,Beacuse it's not a civil war when other countries are involved? Try harder.,False,1645370771.0,t3_sx3bb6,t1_hxpmmms,,1,18,0,18,0,0,
fc538dcf846ef0a2c9923049f0aa29ca,sx3bb6,hxpnj75,Just Russians are true fascists in this war. Stop lying about Ukraine! People don‚Äôt believe you anymore.,False,1645371058.0,t3_sx3bb6,t1_hxpmmms,,1,5,0,5,0,0,
03293d97882a3bc9f8a56160a1b1f3eb,sx3bb6,hxppip2,Since 2014.,False,1645371890.0,t3_sx3bb6,t1_hxppbiz,,1,14,0,14,0,0,
d44b8beeb804d263c845590111ce7745,sx3bb6,hxpn5d9,Unlike the fascist Putin. gfo with your propaganda.,False,1645370889.0,t3_sx3bb6,t1_hxpmxv6,,1,22,0,22,0,0,
656acdb29330bfd856499abfcb5c0e3f,sx3bb6,hxpn7dq,Yet here you are...,False,1645370914.0,t3_sx3bb6,t1_hxpmxv6,,1,14,0,14,0,0,
f1608bbe947a8d1854ac930e76fde0cb,sx3bb6,hxprgla,"Yes, it's really sad how fascist Putin still has Crimea even.",False,1645372699.0,t3_sx3bb6,t1_hxpmxv6,,1,1,0,1,0,0,
d44b8beeb804d263c845590111ce7745,sx3bb6,hxpnqn1,??????,False,1645371147.0,t3_sx3bb6,t1_hxpnksd,,1,18,0,18,0,0,
a1f2871a02fb856d8f8da9c10d99d61c,sx3bb6,hxpnyiu,Who cares. This isn't about BLM lol,False,1645371236.0,t3_sx3bb6,t1_hxpnksd,,1,13,0,13,0,0,
03293d97882a3bc9f8a56160a1b1f3eb,sx3bb6,hxpopn5,"I'm greatly concerned about institutional racism in America and elsewhere.  

That said, wtf does that have to do with this potential Russian invasion of Ukraine?",False,1645371548.0,t3_sx3bb6,t1_hxpnksd,,1,8,0,8,0,0,
1af3f2464a6541536121120ba2d62e43,sx3bb6,hxpo1z8,Bruh,False,1645371275.0,t3_sx3bb6,t1_hxpnksd,,1,5,0,5,0,0,
,sx3bb6,hxpnwi8,[deleted],False,1645371214.0,t3_sx3bb6,t1_hxpnksd,,1,10,0,10,0,0,
656acdb29330bfd856499abfcb5c0e3f,sx3bb6,hxpo47f,"Classic ""whataboutism"".",False,1645371301.0,t3_sx3bb6,t1_hxpnksd,,1,10,0,10,0,0,
2beae3828182fc9c9b25d2577ef86ac7,sx3bb6,hxppr5v,"Not everyone in the world is American you know. A lot of people (me included) here are from Europe, including me living a few miles away from Ukraine's western border.",False,1645371993.0,t3_sx3bb6,t1_hxpnksd,,1,3,0,3,0,0,
f7927e2f6dda91a09db0a9a3cf763edf,sx3bb6,hxpoj7u,I was equally concerned when American cities were being burned and looted yes. However this is not the thread nor is it an appropriate time for your but what about thisssss comment.,False,1645371474.0,t3_sx3bb6,t1_hxpnksd,,1,0,0,0,0,0,
,sx3bb6,hxpoic3,[removed],False,1645371464.0,t3_sx3bb6,t1_hxpnksd,,1,-4,0,-4,0,0,
3cdd7de3414bf79091d40d33df983e13,sx3bb6,hxpnzbp,"Judging by the downvotes, I‚Äôm going to say there‚Äôs a lot of you in here.",False,1645371246.0,t3_sx3bb6,t1_hxpnksd,,1,-22,0,-22,0,0,
b1072cddbc6854ac02f9a934e26b87b9,sx3bb6,hxpob6y,We haven't seen full scale conventional warfare in a while. Just the devastation of regular modern weapons is going to shock the world if this happens.,False,1645371381.0,t3_sx3bb6,t1_hxpo3kp,,1,4,0,4,0,0,
7ec0aea2307dbdf7843495c2b16a4f57,sx3bb6,hxposjg,"Russia has a newly (2020) revised thermobaric rocket with is supposedly longer range and more potent. Fired from a heavy, tracked vehicle (TOS-1a) that holds 24 rockets and can fire the whole payload in about  6 seconds.

Rather than being a conventional incendiary, these thermobaric munitions release a gas to fill a space - ideally an interior, such as an urban dwelling or fortified position - and then ignite the gas after a delay. They're rather unpleasant weapons.

We've seen the older versions used, but not the newest revision. i believe there is also a TOS-2 out there. Not sure if any have been seen on the border, but the TOS-1a has been. TOS-2 is on a more conventional truck platform, rather than tracked.",1645372345.0,1645371582.0,t3_sx3bb6,t1_hxpo3kp,,1,3,0,3,0,0,
f8eba8e93287f6af2400ebfd8b970af0,sx3bb6,hxpnbtr,Extra time for Ukraine good. Time to prepare.,False,1645370969.0,t3_sx3bb6,t1_hxpms17,,2,20,0,20,0,0,
7d5084e6ee06eb0106f5c3e9324085c8,sx3bb6,hxpod31,That has consistently been their stance.,False,1645371403.0,t3_sx3bb6,t1_hxpn2sg,,2,8,0,8,0,0,
21cfdd84eed77ac6b12d561a36f8db42,sx3bb6,hxpsjwq,"The Chinese statement in Munich is actually the single important thing that ""happened"" in the last week or so. I almost lost hope on that front after Putin/Xi meeting at the opening of the Olympics, but it seems that they did re-think since.",False,1645373146.0,t3_sx3bb6,t1_hxpooou,,2,2,0,2,0,0,
1f903c0763a9e01ee654d2647ed2787b,sx3bb6,hxpp20a,That's correct. This time however we're not appeasing the dictator.,False,1645371693.0,t3_sx3bb6,t1_hxpof6f,,2,2,0,2,0,0,
1b8de1e1ab844c944b90af2fbfa50de9,sx3bb6,hxps8m6,"not really though lol, because of internet we know it‚Äôs clear Ukraine isn‚Äôt provoking Russia so Putin just looks dumb, isn‚Äôt playing anyone except maybe he‚Äôll be able to play his own country/ citizens which is his primary target i think",False,1645373020.0,t3_sx3bb6,t1_hxpof6f,,2,1,0,1,0,0,
66cd0a91811fdc294cd5fc8c2211bfd4,sx3bb6,hxppulw,Sudeten germans live in fear of the Czech army driving them out of their homes meanwhile communist propaganda says our chancellor has a secret plan to start a new war. Ridiculous what people believe in nowadays.,False,1645372034.0,t3_sx3bb6,t1_hxpp7nu,,2,11,0,11,0,0,
66cd0a91811fdc294cd5fc8c2211bfd4,sx3bb6,hxpq0bj,"Try it, it's interesting to see your average russian's take on the whole situation.",False,1645372100.0,t3_sx3bb6,t1_hxppeyf,,2,4,0,4,0,0,
e2189309da0e9981ecfe1785a5edbc54,sx3bb6,hxprcii,Nobody knows for sure,False,1645372653.0,t3_sx3bb6,t1_hxpqibo,,2,3,0,3,0,0,
dd7dd1ddd652ef0005041a393239fdae,sx3bb6,hxpt6jk,Tonight at 8pm Pacific is my guess,False,1645373404.0,t3_sx3bb6,t1_hxpqibo,,2,2,0,2,0,0,
de91227ff4c685a276786114d4529635,sx3bb6,hxpsqdu,Any time after the Olympics end. He's throwing his Chinese homie a bone & waiting.,False,1645373221.0,t3_sx3bb6,t1_hxpqibo,,2,1,0,1,0,0,
6ffc6b83feaec04c601f0d99540dfc98,sx3bb6,hxprn0b,Or very neutral.,False,1645372773.0,t3_sx3bb6,t1_hxpq5cb,,2,2,0,2,0,0,
6ffc6b83feaec04c601f0d99540dfc98,sx3bb6,hxprpk4,"Lol, the queen can't die.",False,1645372803.0,t3_sx3bb6,t1_hxpq404,,2,3,0,3,0,0,
35da4d20291d0e88ab789393a907049c,sx3bb6,hxpmoq0,"‚ÄúIt was a tragic story, but you see Ukraine  was not thinking clearly‚Ä¶ everyone could see such an‚Ä¶ accident‚Ä¶ was inevitable.  Let the young people learn a lesson about thinking bad thoughts.‚Äù",False,1645370686.0,t3_sx3bb6,t1_hxplnsg,,2,15,0,15,0,0,
fa85eef970dff1ed2f92bd052062feb4,sx3bb6,hxpqnyt,"Trying to understand Russia would be like watching a blind person wondering in a field, without knowing they were blind.",False,1645372372.0,t3_sx3bb6,t1_hxpoj7t,,2,1,0,1,0,0,
1b80f57e87ec077219f5a3a2a0b66c34,sx3bb6,hxppwx6,Yup. The convoy and breitbart bros.,False,1645372061.0,t3_sx3bb6,t1_hxpptb3,,2,5,0,5,0,0,
7d5084e6ee06eb0106f5c3e9324085c8,sx3bb6,hxpnx76,"A ""bunch"" being 6 according to wiki.",False,1645371222.0,t3_sx3bb6,t1_hxpn1tj,,2,2,0,2,0,0,
39f9f73e05a25631fc210bc9ce645868,sx3bb6,hxpnrcd,2021,False,1645371156.0,t3_sx3bb6,t1_hxpn1tj,,2,1,0,1,0,0,
6ddd4b97014ed36e608703eb9edee368,sx3bb6,hxppoc7,I saw a few people in this thread being optimistic about it it but I‚Äôm not sure why. Putin just reiterated all of his previous unacceptable demands PLUS telling Ukraine they must deescalate when it was the rebels who escalated. It‚Äôs all a show.,False,1645371958.0,t3_sx3bb6,t1_hxpoukz,,2,5,0,5,0,0,
b3542f9cc5e4e8bab2f8d034fb3378ed,sx3bb6,hxpq58v,This isn't diplomacy. This is a hostage situation. And you know what happens when you don't meet the demands of the hostage-taker.,False,1645372157.0,t3_sx3bb6,t1_hxpoukz,,2,5,0,5,0,0,
60a00dd06d807e3bfe4b49e2e45db1c9,sx3bb6,hxpovhe,Russia Mental Gymnastics have been going on for awhile,False,1645371617.0,t3_sx3bb6,t1_hxpnoq5,,2,15,0,15,0,0,
6ffc6b83feaec04c601f0d99540dfc98,sx3bb6,hxprhof,"They stopped auto-sorting by new for me yesterday evening, this is the first one that hasn't had a live feed though.",1645373508.0,1645372711.0,t3_sx3bb6,t1_hxpqo25,,2,1,0,1,0,0,
57eb694c909f7dfbb1de24f4dc6c6274,sx3bb6,hxpuvfw,This is the first laugh I had on this thread. Thank you for that.,False,1645374092.0,t3_sx3bb6,t1_hxpt0jv,,2,2,0,2,0,0,
cc5a35a50542ad889dac2965d12fcc06,sx3bb6,hxpnwvu,"Pedro II had a nice life after, but he was very sad.",False,1645371218.0,t3_sx3bb6,t1_hxpn8t8,,2,1,0,1,0,0,
6d12f3de73f5d0f9190612e96649d014,sx3bb6,hxppsp2,this,False,1645372011.0,t3_sx3bb6,t1_hxpold2,,2,1,0,1,0,0,
2f76032ca6e1b27554dbf4bb084bdddc,sx3bb6,hxpq2jv,Why is the Sun out at Midnight?,False,1645372127.0,t3_sx3bb6,t1_hxpolqx,,2,2,0,2,0,0,
1b80f57e87ec077219f5a3a2a0b66c34,sx3bb6,hxpq72x,"Where is this buffer? By seizing more land west, they get close to 3 NATO countries. That argument from Moscow makes zero sense.",False,1645372179.0,t3_sx3bb6,t1_hxppt1g,,2,6,0,6,0,0,
661771c0eabfd887ecb21fd5b8030c10,sx3bb6,hxpr3xk,"Russia is not that developed, my country has a higher hdi than them and i can tell you that by no means we are like Canada or  Australia or Europe.",False,1645372557.0,t3_sx3bb6,t1_hxppt1g,,2,1,0,1,0,0,
b77e458e7463d57ba82e3334c4ad2b5b,sx3bb6,hxqmqq1,"Crimea wasn't a full scale invasion.

It was rebels vs Ukraine after rigged elections.

After a while the Russian army rushed in without too many casualties.

Here we look at a full scale invasion with a shock and awe tactic. It will be  terrible if they invade.",False,1645385449.0,t3_sx3bb6,t1_hxq15ep,,2,1,0,1,0,0,
e2189309da0e9981ecfe1785a5edbc54,sx3bb6,hxprbxq,Nobody knows for sure,False,1645372646.0,t3_sx3bb6,t1_hxpqn74,,2,2,0,2,0,0,
799c2a1396f808b7b0b0782f26a2f992,sx3bb6,hxpsm38,The next day.. and the next day.. and the next day..,False,1645373172.0,t3_sx3bb6,t1_hxpqn74,,2,2,0,2,0,0,
797c54eca65356f86a12eda41cd702c8,sx3bb6,hxx4iv2,And counting..,False,1645500289.0,t3_sx3bb6,t1_hxpq2yj,,2,1,0,1,0,0,
1b80f57e87ec077219f5a3a2a0b66c34,sx3bb6,hxpqqf7,What ties? Certain teams are full banned because players and coaches have been outspoken against them.,False,1645372401.0,t3_sx3bb6,t1_hxpnlpy,,2,1,0,1,0,0,
4f956c5f652537c6c94a0809f5137d8a,sx3bb6,hxpmau5,"Just a few false flags here and there, and I‚Äôll tell you how he became the prince of everywhere",False,1645370522.0,t3_sx3bb6,t1_hxpldg6,,2,10,0,10,0,0,
36b7b7f825fd501539b5972e809d93d1,sx3bb6,hxplxw9,He's trying to take a country now just sit right there,False,1645370369.0,t3_sx3bb6,t1_hxpldg6,,2,3,0,3,0,0,
35d07c6a52c499466f43db3b033bc39b,sx3bb6,hxpm4ka,"Try to take a moment, hold onto your chair, while I tell you a story of Ukraine vanishing in thin air.",False,1645370448.0,t3_sx3bb6,t1_hxpldg6,,2,2,0,2,0,0,
98c8c0858d7c3765cbd8a5f467822b17,sx3bb6,hxpp9ki,In West Ukraine born and raised,False,1645371782.0,t3_sx3bb6,t1_hxpldg6,,2,0,0,0,0,0,
39f9f73e05a25631fc210bc9ce645868,sx3bb6,hxpnxru,And Winter war,False,1645371228.0,t3_sx3bb6,t1_hxpmd19,,2,2,0,2,0,0,
38afc75a17c1711693ba7ed9dc1799b7,sx3bb6,hxplqyd,I think these daily live threads go beyond following the story.,False,1645370286.0,t3_sx3bb6,t1_hxplafq,,2,-9,0,-9,0,0,
799c2a1396f808b7b0b0782f26a2f992,sx3bb6,hxprtdd,And his wife Isabella,False,1645372847.0,t3_sx3bb6,t1_hxpr831,,2,5,0,5,0,0,
dd7dd1ddd652ef0005041a393239fdae,sx3bb6,hxpsohm,The day panic rabbit was shot down is a day that will live in infamy,False,1645373199.0,t3_sx3bb6,t1_hxpr831,,2,3,0,3,0,0,
c7245fb6058feacb291f52a4ae28ef30,sx3bb6,hxpra81,"Nope it most likely went out of range, planes don't just randomly go turning their transponder off and on, if they wanted it off it would be off all together.",False,1645372627.0,t3_sx3bb6,t1_hxpqbkn,,2,-2,0,-2,0,0,
6ffc6b83feaec04c601f0d99540dfc98,sx3bb6,hxpqske,"Exactly. This is America, if they want to get our attention they're going to have to attack on a Taco Tuesday or something important!",False,1645372426.0,t3_sx3bb6,t1_hxpo8fw,,2,1,0,1,0,0,
5eb5402f0e99234af414141de8a5dd96,sx3bb6,hxpo6x6,"US citizens barely know it is Presidents' Day. No, it will not have any symbolism.",False,1645371331.0,t3_sx3bb6,t1_hxpo1zl,,2,9,0,9,0,0,
1cff412b92faa7931c803722753ba551,sx3bb6,hxpq23a,Monday,False,1645372121.0,t3_sx3bb6,t1_hxpoxlm,,2,1,0,1,0,0,
8554dea317a4120e465c25684d67ff0b,sx3bb6,hxpqclk,Just make them supersonic ü§∑‚Äç‚ôÇÔ∏èü§∑‚Äç‚ôÇÔ∏è,False,1645372243.0,t3_sx3bb6,t1_hxpovad,,2,2,0,2,0,0,
5eb5402f0e99234af414141de8a5dd96,sx3bb6,hxpmm6s,Non committal garbage. It is what you say when nothing is agreed to but you really want to look like a statesman.,False,1645370655.0,t3_sx3bb6,t1_hxpmdla,,2,3,0,3,0,0,
3762ae881a3086546b7c1a4b1a4c3add,sx3bb6,hxpmjom,According to Russian state media.,False,1645370624.0,t3_sx3bb6,t1_hxpmgra,,2,0,0,0,0,0,
81b9a67abc9128bb5cecf8c83eb3a4a2,sx3bb6,hxpo7xz,Last warning about handing out toothless last warnings. You have been last warned.,False,1645371343.0,t3_sx3bb6,t1_hxpmorx,,2,-2,0,-2,0,0,
9658a15481b7c7c7758f031b512b35e2,sx3bb6,hxpo0qt,"I‚Äôm fairly certain Macron is doing this for his re-election later this year. The French have historically always viewed themselves as the 3rd pole, just look at what they did under DeGaulle",False,1645371261.0,t3_sx3bb6,t1_hxpnc2c,,2,3,0,3,0,0,
d44b8beeb804d263c845590111ce7745,sx3bb6,hxpnkpo,I'm sure Macron knows not to believe him. He wouldn't even take their covid test because he's smart.,False,1645371076.0,t3_sx3bb6,t1_hxpnc2c,,2,2,0,2,0,0,
7e5961b42c93b50ae951b9a05273fffd,sx3bb6,hxpqva2,"https://www.reuters.com/article/us-georgia-russia-report-idUSTRE58T4MO20090930

Dude it did",False,1645372458.0,t3_sx3bb6,t1_hxppxdh,,2,-2,0,-2,0,0,
7e5961b42c93b50ae951b9a05273fffd,sx3bb6,hxpqxq7,"Guys - this is not even being disputed, wtf 

https://www.reuters.com/article/us-georgia-russia-report-idUSTRE58T4MO20090930",False,1645372485.0,t3_sx3bb6,t1_hxpqcjf,,2,-1,0,-1,0,0,
,sx3bb6,hxpoo3h,[deleted],False,1645371529.0,t3_sx3bb6,t1_hxpnfun,,2,-7,0,-7,0,0,
,sx3bb6,hxpn46v,[deleted],False,1645370875.0,t3_sx3bb6,t1_hxpmvlh,,2,-7,0,-7,0,0,
eaedaa45c4b8abda64b772c3fccef06e,sx3bb6,hxq8goa,I meant have the Russian tanks started rolling yet.,False,1645379595.0,t3_sx3bb6,t1_hxppip2,,2,1,0,1,0,0,
7111dea9241c2dda153b1a0379ecf6e6,sx3bb6,hxpoc54,Wtf are you talking about? Ukraine does have a bad Nazi problem.,False,1645371392.0,t3_sx3bb6,t1_hxpn5d9,,2,-6,0,-6,0,0,
7111dea9241c2dda153b1a0379ecf6e6,sx3bb6,hxprqdo,They wanted to join back with Russia‚Ä¶ watch this https://youtu.be/VtOx6dW_0vU there‚Äôs a lot more going on,False,1645372812.0,t3_sx3bb6,t1_hxprgla,,2,-1,0,-1,0,0,
b1072cddbc6854ac02f9a934e26b87b9,sx3bb6,hxpnxxp,Hahaha literally no better response to that hot mess of a comment,False,1645371230.0,t3_sx3bb6,t1_hxpnqn1,,2,12,0,12,0,0,
3cdd7de3414bf79091d40d33df983e13,sx3bb6,hxpnuec,Do you have a specific question or do just like typing punctuations?,False,1645371191.0,t3_sx3bb6,t1_hxpnqn1,,2,-24,0,-24,0,0,
3cdd7de3414bf79091d40d33df983e13,sx3bb6,hxpofie,"Umm. You should care. It‚Äôs another area, like unnecessary conflict, where America‚Äôs fiscal priorities are completely out of whack. You worry about civilians dying at Russian hands but never bat an eye at America‚Äôs active participation in violence across this globe (see dead civilians from U.S. strikes in Syria just weeks ago) and in our own yards. 

If the attention and energy this is receiving was focused on our own yards instead, we might have a better standing ‚Äòto know better‚Äô for other countries.",False,1645371431.0,t3_sx3bb6,t1_hxpnyiu,,2,-12,0,-12,0,0,
3cdd7de3414bf79091d40d33df983e13,sx3bb6,hxpq6p9,"Umm. If you don‚Äôt see how it‚Äôs all germane to America overfunding violence and conflict and death on this globe, then that‚Äôs on you.",False,1645372175.0,t3_sx3bb6,t1_hxpopn5,,2,-1,0,-1,0,0,
3cdd7de3414bf79091d40d33df983e13,sx3bb6,hxppau3,Nah. It‚Äôs actually germane to the topic. More unnecessary funding for more unnecessary conflict. The American way. But never mind that unhoused people are increasingly dying on the streets in this country.,False,1645371797.0,t3_sx3bb6,t1_hxpo47f,,2,-1,0,-1,0,0,
3cdd7de3414bf79091d40d33df983e13,sx3bb6,hxpqnj5,Okay.,False,1645372368.0,t3_sx3bb6,t1_hxppr5v,,2,1,0,1,0,0,
ea4662ac97023c76ee9120714f629eef,sx3bb6,hxppf7j,"It's a copypasta point that's been pasted in these threads a few times, just ignore it it's probably a bot",False,1645371849.0,t3_sx3bb6,t1_hxpoj7u,,2,2,0,2,0,0,
3cdd7de3414bf79091d40d33df983e13,sx3bb6,hxppw99,That‚Äôs sad that you felt more for buildings and property than black lives.,False,1645372053.0,t3_sx3bb6,t1_hxpoj7u,,2,1,0,1,0,0,
3cdd7de3414bf79091d40d33df983e13,sx3bb6,hxpplse,Finally someone with a level head here.,False,1645371927.0,t3_sx3bb6,t1_hxpoic3,,2,0,0,0,0,0,
,sx3bb6,hxpo6k0,[deleted],False,1645371327.0,t3_sx3bb6,t1_hxpnzbp,,2,9,0,9,0,0,
68882c484a6119a6a6bf5116b8352022,sx3bb6,hxpotmr,I feel like many will pay attention to the technology and techniques used because likely this conflict would give a guide to true modern conflicts.,False,1645371595.0,t3_sx3bb6,t1_hxpob6y,,2,1,0,1,0,0,
68882c484a6119a6a6bf5116b8352022,sx3bb6,hxpp2rb,Yeah I heard of something similar used in Afghanistan. I wonder how much collateral damage the new version causes,False,1645371702.0,t3_sx3bb6,t1_hxposjg,,2,1,0,1,0,0,
02e07a96332da6a3f88e54d28d67490f,sx3bb6,hxpogrc,Prepare the exploding swarm drones,False,1645371445.0,t3_sx3bb6,t1_hxpnbtr,,3,5,0,5,0,0,
ce1721e6841de40249f95935de2d6628,sx3bb6,hxppi7m,"If you look at it like this, yeah extra time good. But I was hoping Macron managed a true advance. Unfortunately it feels like that putin fuck wants it all, and that's not going to happen (NATO back to 1997 status and other russian brain farts).",False,1645371884.0,t3_sx3bb6,t1_hxpnbtr,,3,2,0,2,0,0,
,sx3bb6,hxpop8b,[deleted],False,1645371543.0,t3_sx3bb6,t1_hxpod31,,3,4,0,4,0,0,
fa85eef970dff1ed2f92bd052062feb4,sx3bb6,hxpqhxk,They‚Äôre not average Russians though are they? It‚Äôs where the Putin bots go for lunch break,False,1645372306.0,t3_sx3bb6,t1_hxpq0bj,,3,6,0,6,0,0,
f7927e2f6dda91a09db0a9a3cf763edf,sx3bb6,hxpqcrh,I fell deep into their subreddit lol it seems they do believe a lot of the state media.. Russia is beautiful though..,False,1645372245.0,t3_sx3bb6,t1_hxpq0bj,,3,3,0,3,0,0,
01f662b1768abbf9b068c4ff6a837950,sx3bb6,hxps3fo,Average? Most are bots and propagandists. R/askarussian is worse.,False,1645372961.0,t3_sx3bb6,t1_hxpq0bj,,3,1,0,1,0,0,
ae70902493565011369092ed3454de57,sx3bb6,hxps5ph,"Forgive my naivete, but if they were average Russians, wouldn't they mostly be typing comments to each other in Russian?",False,1645372986.0,t3_sx3bb6,t1_hxpq0bj,,3,1,0,1,0,0,
b8f7a70ded866807d32548533da8566f,sx3bb6,hxpuz9w,Cronos!,False,1645374135.0,t3_sx3bb6,t1_hxprpk4,,3,1,0,1,0,0,
4261dab1f45f6c7820a2dcbbcbf0ae2a,sx3bb6,hxpn0df,"Goes along with the ""Ukraine kept attacking itself! Tragic!""",False,1645370829.0,t3_sx3bb6,t1_hxpmoq0,,3,5,0,5,0,0,
,sx3bb6,hxpsc8a,[deleted],False,1645373060.0,t3_sx3bb6,t1_hxppwx6,,3,1,0,1,0,0,
25336fa9245415e4ee1115fb806fcbba,sx3bb6,hxpq2xc,"I agree, it's just that since Russia just flat refused to show up at the last couple meetings (the Munich security conference and the OSCE meeting in Vienna), this is *technically*, if perhaps not *meaningfully*, an improvement.",False,1645372131.0,t3_sx3bb6,t1_hxppoc7,,3,2,0,2,0,0,
a7339540634d538fdb0b04829bbe331a,sx3bb6,hxpq4h6,"Russia will continue saying a lot of things, and some people will continue buying into their narrative. Some of it is just people being hopeful, some of it they've eaten the onion, and others are trolls. All are contributing here.",False,1645372149.0,t3_sx3bb6,t1_hxppoc7,,3,2,0,2,0,0,
25336fa9245415e4ee1115fb806fcbba,sx3bb6,hxpqdk6,"Yeah, but hostage takers are occasionally talked out of it.  You want to keep them talking on the phone.",False,1645372254.0,t3_sx3bb6,t1_hxpq58v,,3,3,0,3,0,0,
a267a28e24d011fe9dec190ef616bae7,sx3bb6,hxprczd,They‚Äôll keep seizing land so they have a buffer against NATO until they reach the Atlantic. It‚Äôs just a bullshit excuse for expansionism.,False,1645372658.0,t3_sx3bb6,t1_hxpq72x,,3,4,0,4,0,0,
cf77af39399f651424f32ee42b94b162,sx3bb6,hxprdzc,Except Ukraine wants to become NATO so while yes it doesnt give Russia a buffer (even though it Russia would likely keep Ukraine (at least for a while) as a puppet state which would be a buffer.  It stops NATO from getting it and most importantly gives a Buffer to Moscow if it it annexed immediately.,False,1645372669.0,t3_sx3bb6,t1_hxpq72x,,3,1,0,1,0,0,
44ec7ddc60eea566751c7b19e8cf885b,sx3bb6,hxq7eig,"They'd probably not annex Ukraine entirely, instead set up a puppet state to act as the buffer.",False,1645379165.0,t3_sx3bb6,t1_hxpq72x,,3,1,0,1,0,0,
cf77af39399f651424f32ee42b94b162,sx3bb6,hxprygo,"If you want to base it HDI then Ukraine is lower than Russia so....  

In reality Russia is a first world contry that spends more money on weapons then on its people more by gdp percent than the US and it has no where near the GDP the US does.",False,1645372905.0,t3_sx3bb6,t1_hxpr3xk,,3,3,0,3,0,0,
fa3d399afb4ae0594e7e3366bc27bb75,sx3bb6,hxpm2qu,True. There's also people who find airplanes to be interesting. :O,False,1645370427.0,t3_sx3bb6,t1_hxplqyd,,3,6,0,6,0,0,
656acdb29330bfd856499abfcb5c0e3f,sx3bb6,hxplyiq,"Yeah because there's tons of trolls. The average person here doesn't want war.

Morbid curiosity? Yes.

Excitement for the first live streamed war? Yes.

Hope that Putin backs down? Yes.

Wanting thousands to die and for Ukraine to be invaded purely for entertainment? No.",False,1645370377.0,t3_sx3bb6,t1_hxplqyd,,3,6,0,6,0,0,
52799b5b771556b7fc306a80b25523dd,sx3bb6,hxpm7jf,What do you suggest instead? We ignore the possibility for war All together? Or allow 1000 individual posts about every minor update or question instead of a mega thread?,False,1645370483.0,t3_sx3bb6,t1_hxplqyd,,3,1,0,1,0,0,
e51949c429ba25db3c89c8bca8d694c6,sx3bb6,hxpso4b,"Range of what? 

There are transponders on planes right now in the middle of the ocean with nothing around lol. Also the transponder is literally just a switch in the cockpit so they could just turn it off if they want.",False,1645373195.0,t3_sx3bb6,t1_hxpra81,,3,5,0,5,0,0,
d44b8beeb804d263c845590111ce7745,sx3bb6,hxpom9c,"I think almost all of us know. There is no school. it's federal holiday, no postal service, banks closed, etc.",False,1645371508.0,t3_sx3bb6,t1_hxpo6x6,,3,3,0,3,0,0,
656acdb29330bfd856499abfcb5c0e3f,sx3bb6,hxpn4ol,"So no.

Macron agreeing to anything doesn't mean crap to the rest of NATO anyways. No one person can make a call like that.

Plus your lack of tangible source, and lack of trustworthy source.",False,1645370881.0,t3_sx3bb6,t1_hxpmjom,,3,8,0,8,0,0,
e2189309da0e9981ecfe1785a5edbc54,sx3bb6,hxps0xo,"""Russia has recognized South Ossetia and the other rebel province, Abkhazia, as independent states.""

How strikingly similar, I bet provocations sponsored by Russian state government is what triggered the initial conflict, providing a trojan horse for Russia.

This is literally Gerogia 2.0",False,1645372933.0,t3_sx3bb6,t1_hxpqva2,,3,5,0,5,0,0,
9af4c5f8b0c9ace61518de8c097aeddf,sx3bb6,hxpslkd,"Look at this, ‚ÄúThe report said the war followed tensions and provocations by Russia.‚Äù Russia does have a habit of protecting these ‚Äúself proclaimed republics‚Äù though. South Ossetia attacked Georgian troops with a bomb which led to increased escalation. That was on 1 Aug. Russia was backing South Ossetia and that response by Georgia was exactly what they wanted. 

It‚Äôs practically the same playbook with Ukraine.

Georgia attacked South Ossetia. Not Russia. And only after South Ossetia escalated the conflict first but all the report is saying is that Georgia escalated the conflict more than they should have.",1645373397.0,1645373166.0,t3_sx3bb6,t1_hxpqxq7,,3,3,0,3,0,0,
dbae1e61eab24d23bd811b6e78b571fa,sx3bb6,hxppa5q,"Hey dude, either you love the taste of Putin‚Äôs dick, or you‚Äôre a russian troll working their 9-5. Either way get lost",False,1645371789.0,t3_sx3bb6,t1_hxpoo3h,,3,6,0,6,0,0,
4261dab1f45f6c7820a2dcbbcbf0ae2a,sx3bb6,hxppvnn,Yeah man I'm not seeing your point.  Godspeed to you sir.,False,1645372046.0,t3_sx3bb6,t1_hxpoo3h,,3,3,0,3,0,0,
216744d28c7d11578f7fbe676b656a08,sx3bb6,hxpp680,"Only the Spanish civil war is colloquially called that in English. The other two are just considered ""wars"", because there were multiple parties involved.",False,1645371743.0,t3_sx3bb6,t1_hxpn46v,,3,4,0,4,0,0,
656acdb29330bfd856499abfcb5c0e3f,sx3bb6,hxpniv1,"I was being flippant about the fact that it was Russia who invaded Ukraine. Sorry if that was lost on you.

And yeah I have a pretty good grasp of history, thanks.

I've never used the term ""Vietnamese Civil War"". It was the Vietnam War. Multiple belligerents. Same with others.",False,1645371054.0,t3_sx3bb6,t1_hxpn46v,,3,3,0,3,0,0,
d44b8beeb804d263c845590111ce7745,sx3bb6,hxpoven,"Yes, so does Russia. So does the US. So does Australia. So does the UK. Their Nazi problem is minuscule compared to everywhere else.  This is the new dumb propaganda you people are grasping onto. Putin is a LITERAL RACIST and FASCIST so fuck off.",False,1645371616.0,t3_sx3bb6,t1_hxpoc54,,3,2,0,2,0,0,
3cdd7de3414bf79091d40d33df983e13,sx3bb6,hxpokix,Yours was just as idiotic and vague as a bunch of question marks.,False,1645371489.0,t3_sx3bb6,t1_hxpnxxp,,3,-2,0,-2,0,0,
4261dab1f45f6c7820a2dcbbcbf0ae2a,sx3bb6,hxpo2y2,It's pretty off topic and not everyone in this thread is from the US.  I also wonder your point.  But I downvote for being off topic,False,1645371286.0,t3_sx3bb6,t1_hxpnuec,,3,9,0,9,0,0,
d44b8beeb804d263c845590111ce7745,sx3bb6,hxpobzj,"I mean, do you? Something that isn't gibberish and out of left field, I mean.",False,1645371391.0,t3_sx3bb6,t1_hxpnuec,,3,8,0,8,0,0,
216744d28c7d11578f7fbe676b656a08,sx3bb6,hxpom1v,Do you have a specific point or do you just like typing out whatever irrelevant nonsense your brain shits out in the moment and posting it for the world to see?,False,1645371506.0,t3_sx3bb6,t1_hxpnuec,,3,5,0,5,0,0,
61110651af9a9091dec5b5c897642fa9,sx3bb6,hxpovth,"You‚Äôre comparing apples to oranges. Yes BLM is important, and obviously civilian deaths are too. However we are talking about a war between two developed countries. Potentially hundreds of thousands of deaths.",False,1645371620.0,t3_sx3bb6,t1_hxpofie,,3,4,0,4,0,0,
a1f2871a02fb856d8f8da9c10d99d61c,sx3bb6,hxpphew,"I'm not American though. Your post history is embarrassing btw, have a break lol",False,1645371875.0,t3_sx3bb6,t1_hxpofie,,3,3,0,3,0,0,
656acdb29330bfd856499abfcb5c0e3f,sx3bb6,hxpp5el,So go start your own thread then??,False,1645371734.0,t3_sx3bb6,t1_hxpofie,,3,2,0,2,0,0,
,sx3bb6,hxpp78f,[deleted],False,1645371755.0,t3_sx3bb6,t1_hxpofie,,3,2,0,2,0,0,
656acdb29330bfd856499abfcb5c0e3f,sx3bb6,hxpra36,"Whataboutism or whataboutery (as in ""what about‚Ä¶?"") is a variant of the tu quoque logical fallacy, which attempts to discredit an opponent's position by charging hypocrisy without directly refuting or disproving the argument.

Which is what you're doing. Nothing about BLM or homelessness is related to this specific topic of Russia invading Ukraine.",False,1645372625.0,t3_sx3bb6,t1_hxppau3,,3,1,0,1,0,0,
2beae3828182fc9c9b25d2577ef86ac7,sx3bb6,hxpx2rv,"And just so you know, I *was* following (and supporting) the BLM movement, it's just that this is much more of a direct threat for anyone in Europe.",False,1645374996.0,t3_sx3bb6,t1_hxpqnj5,,3,1,0,1,0,0,
3cdd7de3414bf79091d40d33df983e13,sx3bb6,hxppu08,AnYoNe I dIsAgReE wItH iS aUtOmAtICaLlY a BoT bEcAuSe ThAt‚Äôs HoW sImPlE mY MiNd WoRkS.,False,1645372026.0,t3_sx3bb6,t1_hxppf7j,,3,-2,0,-2,0,0,
3cdd7de3414bf79091d40d33df983e13,sx3bb6,hxppf6b,Funny how it‚Äôs all connected. And what I wrote obvi shook some unaffected white liberal warhawks in this group.,False,1645371848.0,t3_sx3bb6,t1_hxpo6k0,,3,-2,0,-2,0,0,
83b391d0561822e166e6a8409fe3cda8,sx3bb6,hxppu8n,"And a series of war themed video games! 

Red alert 4 let‚Äôs go!",False,1645372029.0,t3_sx3bb6,t1_hxpotmr,,3,1,0,1,0,0,
7ec0aea2307dbdf7843495c2b16a4f57,sx3bb6,hxppgxb,"It's indiscriminate. Whoever is in the building will be subjected to the heat, pressure and flames of a modern thermobaric payload. The only way to avoid collateral damage is to fire on exclusively military targets - though with an unguided 10km range (in the latest version), missing a military target and hitting a civilian one is a very possible and even likely outcome.",False,1645371869.0,t3_sx3bb6,t1_hxpp2rb,,3,1,0,1,0,0,
4852233c7b56f8aa793017c02bdf3d2a,sx3bb6,hxpoyv6,"This will change the nature of warfare, not sure anyone has just the right level of cheap and mass produced yet.",False,1645371656.0,t3_sx3bb6,t1_hxpogrc,,4,3,0,3,0,0,
da5c53c7a086c5753c7783b9b1cb78d7,sx3bb6,hxpqx3o,">She must be enjoying not having to deal with this shit.

Quite the contrary. Olaf Scholz comes off as an absolute tool. Merkel was Europe's best leader, and I can only imagine how different things would be if she was at the helm right now.",False,1645372479.0,t3_sx3bb6,t1_hxpop8b,,4,1,0,1,0,0,
66cd0a91811fdc294cd5fc8c2211bfd4,sx3bb6,hxpqp7n,"I'm curious if I was an average Russian, would I be afraid of posting anti-government stuff on reddit? Or is Russia not that bad yet in that regard?",False,1645372387.0,t3_sx3bb6,t1_hxpqhxk,,4,2,0,2,0,0,
f7927e2f6dda91a09db0a9a3cf763edf,sx3bb6,hxpqpq8,Looking through it yes I think they are your average Russians and Americans that went for vacation and now support Russia.,False,1645372393.0,t3_sx3bb6,t1_hxpqhxk,,4,1,0,1,0,0,
66cd0a91811fdc294cd5fc8c2211bfd4,sx3bb6,hxpqjbk,I'm very curious what post-putin Russia is going to look like.,False,1645372322.0,t3_sx3bb6,t1_hxpqcrh,,4,1,0,1,0,0,
b37419b6ca21e248400d1e435774c701,sx3bb6,hxqh9fv,"alas, no. we are a miserable, spiteful people when left together.",False,1645383170.0,t3_sx3bb6,t1_hxpsc8a,,4,1,0,1,0,0,
b3542f9cc5e4e8bab2f8d034fb3378ed,sx3bb6,hxpqlpk,Very true.,False,1645372348.0,t3_sx3bb6,t1_hxpqdk6,,4,2,0,2,0,0,
1b80f57e87ec077219f5a3a2a0b66c34,sx3bb6,hxpt44n,Exactly.,False,1645373377.0,t3_sx3bb6,t1_hxprczd,,4,2,0,2,0,0,
1b80f57e87ec077219f5a3a2a0b66c34,sx3bb6,hxpt1up,"Ukraine hasn‚Äôt met the criteria for over 10 years, and wasn‚Äôt on track before this either. It‚Äôs just a power grab and ode to the former USSR, to which Putin is in love with. Find his 5000 word essay he wrote just a month ago. It‚Äôs wild.",False,1645373350.0,t3_sx3bb6,t1_hxprdzc,,4,1,0,1,0,0,
1b80f57e87ec077219f5a3a2a0b66c34,sx3bb6,hxq803v,"I think this might be more likely, even a split down the Dnieper River, much like Germany/Berlin back in the day. Sad days ahead for the Ukrainians and it‚Äôs neighbours writ large.",False,1645379408.0,t3_sx3bb6,t1_hxq7eig,,4,1,0,1,0,0,
38afc75a17c1711693ba7ed9dc1799b7,sx3bb6,hxpm5kr,You said it yourself morbid curiosity. You‚Äôre just feeding into it.,False,1645370460.0,t3_sx3bb6,t1_hxplyiq,,4,-2,0,-2,0,0,
f0f615a77ee1e25c61c539d5ba86f21b,sx3bb6,hxpqbz7,"Exactly.  Even if Macron made a deal, it means nothing with respect to the entirety of NATO.  

Big decisions like that need dialogue.",False,1645372236.0,t3_sx3bb6,t1_hxpn4ol,,4,2,0,2,0,0,
,sx3bb6,hxpsblt,[deleted],False,1645373053.0,t3_sx3bb6,t1_hxpp680,,4,0,0,0,0,0,
,sx3bb6,hxpppyz,[deleted],False,1645371978.0,t3_sx3bb6,t1_hxpniv1,,4,1,0,1,0,0,
a7339540634d538fdb0b04829bbe331a,sx3bb6,hxps5ej,"I wonder if you could have some sort of metric for troll infestation, and see how it corresponds to the buildup.

Also, like, are they contracted in? How do they get more and more of these fuckers to surge this nonsense?

It's definitely reaching a crescendo, though. The tactics are changing faster. ""Biden is doing this"" ""where was BLM"" ""this is just a media cycle"" ""Ukraine are Nazis anyway"" ""Russians need to be with other ethnic Russians"" blah blah fucking blah. The point is to muddy the waters and exhaust us. Fuck 'em, though, good on you for fighting the good fight in the information war here.",False,1645372983.0,t3_sx3bb6,t1_hxpoven,,4,1,0,1,0,0,
7111dea9241c2dda153b1a0379ecf6e6,sx3bb6,hxprnug,That‚Äôs simply not true when it comes to the quantity and position of power. Gravel institute made a great video on it recently - https://youtu.be/VtOx6dW_0vU,False,1645372783.0,t3_sx3bb6,t1_hxpoven,,4,0,0,0,0,0,
,sx3bb6,hxpox4z,[removed],False,1645371636.0,t3_sx3bb6,t1_hxpo2y2,,4,-2,0,-2,0,0,
3cdd7de3414bf79091d40d33df983e13,sx3bb6,hxppj5h,Nah. It‚Äôs all germane. US funds violence here and overseas.,False,1645371896.0,t3_sx3bb6,t1_hxpobzj,,4,1,0,1,0,0,
3cdd7de3414bf79091d40d33df983e13,sx3bb6,hxpq226,If you can‚Äôt see how this is all germane to US exerting money and resources into unnecessary conflict and death then you must have marched in 2020 but because you thought it would be cool for your social media.,False,1645372121.0,t3_sx3bb6,t1_hxpom1v,,4,0,0,0,0,0,
3cdd7de3414bf79091d40d33df983e13,sx3bb6,hxpp3cz,"And our US presence there is fanning the flames. You‚Äôre delusional if you can‚Äôt see that. It‚Äôs likely to be another Cold War anyhow. 

And deaths only matter when they hit what number exactly?",False,1645371710.0,t3_sx3bb6,t1_hxpovth,,4,-1,0,-1,0,0,
3cdd7de3414bf79091d40d33df983e13,sx3bb6,hxpqirk,And you think police brutality and racism is solely a US problem. Got it.,False,1645372315.0,t3_sx3bb6,t1_hxpphew,,4,1,0,1,0,0,
3cdd7de3414bf79091d40d33df983e13,sx3bb6,hxpq8qo,I did. Right here. üëçüèº,False,1645372198.0,t3_sx3bb6,t1_hxpp5el,,4,1,0,1,0,0,
3cdd7de3414bf79091d40d33df983e13,sx3bb6,hxpqcun,Nah. Not a troll. Just a critical thinker. I know that‚Äôs rare for an American but we do exist.,False,1645372246.0,t3_sx3bb6,t1_hxpp78f,,4,1,0,1,0,0,
3cdd7de3414bf79091d40d33df983e13,sx3bb6,hxprdqh,Nah. It‚Äôs germane.,False,1645372667.0,t3_sx3bb6,t1_hxpra36,,4,-1,0,-1,0,0,
3cdd7de3414bf79091d40d33df983e13,sx3bb6,hxpx7o9,"Thank you. What have you done to support the BLM movement then, out of curiosity?",False,1645375051.0,t3_sx3bb6,t1_hxpx2rv,,4,0,0,0,0,0,
,sx3bb6,hxppkdw,[deleted],False,1645371910.0,t3_sx3bb6,t1_hxppf6b,,4,3,0,3,0,0,
68882c484a6119a6a6bf5116b8352022,sx3bb6,hxpq3s4,If there's money to be made someone will make a video game of it,False,1645372141.0,t3_sx3bb6,t1_hxppu8n,,4,1,0,1,0,0,
68882c484a6119a6a6bf5116b8352022,sx3bb6,hxppl2k,Dang. Too bad something like that isn't banned then!,False,1645371919.0,t3_sx3bb6,t1_hxppgxb,,4,1,0,1,0,0,
9ec098bbf470c0843ea00880092747e2,sx3bb6,hxpwhtg,"Russia has never seemed too concerned with avoiding war crimes, unfortunately.",False,1645374758.0,t3_sx3bb6,t1_hxppgxb,,4,1,0,1,0,0,
b77e458e7463d57ba82e3334c4ad2b5b,sx3bb6,hxppv5z,"There were suicide drones in the Azerbaijan Armenia war.

It was brutal",False,1645372040.0,t3_sx3bb6,t1_hxpoyv6,,5,2,0,2,0,0,
ce1721e6841de40249f95935de2d6628,sx3bb6,hxpp5z9,China might. Have you seen their drone shows?,False,1645371740.0,t3_sx3bb6,t1_hxpoyv6,,5,1,0,1,0,0,
,sx3bb6,hxpr974,[deleted],False,1645372615.0,t3_sx3bb6,t1_hxpqx3o,,5,3,0,3,0,0,
fa3d399afb4ae0594e7e3366bc27bb75,sx3bb6,hxpw2vx,"I'm not well informed about German politics, but Scholz has not made a good first impression on me. He appears to act like the ""weakest link"" in the EU and apparently Russian disinformation is going hard after Germany. It would seem that Putin views Germany as an angle to disrupt NATO unity.",False,1645374587.0,t3_sx3bb6,t1_hxpqx3o,,5,1,0,1,0,0,
8343ecf4f1f330a64a4b7459229ada69,sx3bb6,hxprnr6,"Probably gonna somehow be worse, the poor bastards can't catch a break.",False,1645372782.0,t3_sx3bb6,t1_hxpqjbk,,5,1,0,1,0,0,
656acdb29330bfd856499abfcb5c0e3f,sx3bb6,hxpmm79,"Being curious and interested in a world event with far reaching consequences is NOT the same as wanting war to happen.

If that's you're argument then your presence on the thread alone makes you equally ""vying for war"" because you know what content is on here. Or are you a very limited exception?

I certainly don't want a war to break out but I'm also not going to stop reading about real time events.",False,1645370655.0,t3_sx3bb6,t1_hxpm5kr,,5,3,0,3,0,0,
216744d28c7d11578f7fbe676b656a08,sx3bb6,hxrwwbe,"Did you not read my comment at all? I said that the ""Spanish Civil War"" was the only one of those 3 that is known as a Civil war in English.",False,1645405604.0,t3_sx3bb6,t1_hxpsblt,,5,1,0,1,0,0,
656acdb29330bfd856499abfcb5c0e3f,sx3bb6,hxpr406,"Yeah so the whole Crimean invasion was just for show?

Man, you're really losing credibility. Because we all didn't see the invasion happen, right? Ukraine made it up?

Russia occupies 2 separate regions of Ukraine. It's not just a Ukrainian civil war.",False,1645372557.0,t3_sx3bb6,t1_hxpppyz,,5,1,0,1,0,0,
,sx3bb6,hxpph85,[removed],False,1645371872.0,t3_sx3bb6,t1_hxpox4z,,5,2,0,2,0,0,
,sx3bb6,hxpq2x2,[removed],False,1645372131.0,t3_sx3bb6,t1_hxpox4z,,5,2,0,2,0,0,
,sx3bb6,hxpq9c0,[removed],False,1645372205.0,t3_sx3bb6,t1_hxpox4z,,5,1,0,1,0,0,
32a6de6bc5cb168a75805d03171587e4,sx3bb6,hxpq886,">	**our** US presence

*but writes like a Russian*",False,1645372192.0,t3_sx3bb6,t1_hxpp3cz,,5,2,0,2,0,0,
656acdb29330bfd856499abfcb5c0e3f,sx3bb6,hxpqsa5,"Oh, you must be mistaken.

This is the thread for Russia-Uktaine tensions. Because it's world news.

Feel free to start a thread about BLM somewhere more relevant though.",False,1645372422.0,t3_sx3bb6,t1_hxpq8qo,,5,1,0,1,0,0,
,sx3bb6,hxpqij7,[deleted],False,1645372313.0,t3_sx3bb6,t1_hxpqcun,,5,1,0,1,0,0,
656acdb29330bfd856499abfcb5c0e3f,sx3bb6,hxpro5p,Keep repeating that as if you know what the word means.,False,1645372787.0,t3_sx3bb6,t1_hxprdqh,,5,1,0,1,0,0,
2beae3828182fc9c9b25d2577ef86ac7,sx3bb6,hxq5sf8,"Just tried to talk sense to some of my friends  on the topic I guess. It's not like there have been any real protests anywhere close to where I live and apart from that, I don't really see any value in social media profile picture stickers and gestures like that.

Honestly, it's not really my fight even though I know which side I stand on.",False,1645378508.0,t3_sx3bb6,t1_hxpx7o9,,5,1,0,1,0,0,
3cdd7de3414bf79091d40d33df983e13,sx3bb6,hxpqm19,No it‚Äôs not. That‚Äôs why I organize and do work irl for folx who don‚Äôt look and live like I do. Thanks.,False,1645372351.0,t3_sx3bb6,t1_hxppkdw,,5,1,0,1,0,0,
7ec0aea2307dbdf7843495c2b16a4f57,sx3bb6,hxpwou5,"To be fair, they are not unique in using thermobarics. The ""MOAB"" dropped the other year by the USA was also thermobaric.

[https://web.archive.org/web/20100112102609/http://www.commondreams.org/headlines02/0303-06.htm](https://en.wikipedia.org/wiki/GBU-43/B_MOAB)

&#x200B;

https://web.archive.org/web/20120406201533/http://www.armedforces-int.com/news/british-military-using-hellfire-weapons-in-afghanistan.html",False,1645374837.0,t3_sx3bb6,t1_hxpwhtg,,5,1,0,1,0,0,
d7dcaa57510cdafc4da25aa4b149abd0,sx3bb6,hxpr135, Correct,False,1645372525.0,t3_sx3bb6,t1_hxppv5z,,6,1,0,1,0,0,
4852233c7b56f8aa793017c02bdf3d2a,sx3bb6,hxpri5l,Is there any details about how exactly they where used?,False,1645372717.0,t3_sx3bb6,t1_hxppv5z,,6,1,0,1,0,0,
da5c53c7a086c5753c7783b9b1cb78d7,sx3bb6,hxpsgt9,"You're probably right, but I just feel out of all the Western leaders, Merkel had the best rapport with Putin.",False,1645373112.0,t3_sx3bb6,t1_hxpr974,,6,2,0,2,0,0,
,sx3bb6,hxpqfbc,[removed],False,1645372275.0,t3_sx3bb6,t1_hxpph85,,6,0,0,0,0,0,
,sx3bb6,hxpr1tl,[removed],False,1645372534.0,t3_sx3bb6,t1_hxpq9c0,,6,1,0,1,0,0,
3cdd7de3414bf79091d40d33df983e13,sx3bb6,hxpqzhk,Yawn. Your simple binary way of thinking is old and tired. I don‚Äôt agree with you so you must be a Russian bot. Go think of some new clever comeback when you find facts too hard to swallow.,False,1645372507.0,t3_sx3bb6,t1_hxpq886,,6,0,0,0,0,0,
3cdd7de3414bf79091d40d33df983e13,sx3bb6,hxprch8,"When US police receive militia training from Israel, its world news. It‚Äôs germane because it‚Äôs another area the US overspends without blinking an eye. We live violence but scream about budget ceilings (which are imagined) when it comes to actually helping the American people. 

We fall as 28 in education for developed countries and it shows.",False,1645372653.0,t3_sx3bb6,t1_hxpqsa5,,6,1,0,1,0,0,
3cdd7de3414bf79091d40d33df983e13,sx3bb6,hxpr3ty,"Classic troll baiting. 

Im done with you ‚úåüèº",False,1645372556.0,t3_sx3bb6,t1_hxpqij7,,6,1,0,1,0,0,
3cdd7de3414bf79091d40d33df983e13,sx3bb6,hxpsj2q,Haha. It‚Äôs all related. I used another word for you jic the other was too hard for you.,False,1645373137.0,t3_sx3bb6,t1_hxpro5p,,6,1,0,1,0,0,
,sx3bb6,hxps8ft,[deleted],False,1645373018.0,t3_sx3bb6,t1_hxpqm19,,6,1,0,1,0,0,
9ec098bbf470c0843ea00880092747e2,sx3bb6,hxpycr0,"Wasn‚Äôt trying to imply they were unique in using this particular type of armament or that they‚Äôre the only ones doing wrong (of course I could go on at length about the U.S. and others but that‚Äôs not relevant to _this situation_ and such points are often used for whataboutism / deflection by trolls who I don‚Äôt want to help), just that, you know, they and their proxies have a history ‚Äî including recently, in Ukraine ‚Äî of not giving a **** about targeting or indiscriminately killing civilians.",False,1645375508.0,t3_sx3bb6,t1_hxpwou5,,6,1,0,1,0,0,
b77e458e7463d57ba82e3334c4ad2b5b,sx3bb6,hxpsbff,"I can't tell the details.  I just remember seeing war footage on a reddit sub and on YouTube where they filmed till 1 second before impact. And another drone filmed the aftermath.

It was scary to see.",False,1645373051.0,t3_sx3bb6,t1_hxpri5l,,7,1,0,1,0,0,
a7258cf3fee1ba01fc7fcc61ea01d921,sx3bb6,hxpslbs,"Many news sources also said that Russia thought about now being the best time, as well respected merkel is not in the political scene anymore.",False,1645373163.0,t3_sx3bb6,t1_hxpsgt9,,7,2,0,2,0,0,
,sx3bb6,hxprhek,[removed],False,1645372708.0,t3_sx3bb6,t1_hxpqfbc,,7,1,0,1,0,0,
32a6de6bc5cb168a75805d03171587e4,sx3bb6,hxprljz,–ò–¥–∏ –≤ –∂–æ–ø—É,False,1645372757.0,t3_sx3bb6,t1_hxpqzhk,,7,1,0,1,0,0,
,sx3bb6,hxpro7c,[deleted],False,1645372787.0,t3_sx3bb6,t1_hxpr3ty,,7,1,0,1,0,0,
656acdb29330bfd856499abfcb5c0e3f,sx3bb6,hxpt2hg,"Obviously given my responses I know what it means.
Your lack of a real response implies that you don't.

I don't go on a thread about the German elections and say 'hey, you're not considering the VERY RELEVANT topic of Mexican cartels! ItS aLl ReLaTeD!""

Tell me you're being paid to distract from the real topic without telling me you're being paid to distract from the real topic.",False,1645373358.0,t3_sx3bb6,t1_hxpsj2q,,7,1,0,1,0,0,
3cdd7de3414bf79091d40d33df983e13,sx3bb6,hxpslyv,Thanks.,False,1645373170.0,t3_sx3bb6,t1_hxps8ft,,7,1,0,1,0,0,
7ec0aea2307dbdf7843495c2b16a4f57,sx3bb6,hxpymdv,"Yeah, as I said. Only way I see them avoiding collateral damage is limiting use to confirmed military targets only, and even then, they're unguided, ground launched missiles. With the track record of Russia, I fully expect collateral damage to civilian populations.",False,1645375615.0,t3_sx3bb6,t1_hxpycr0,,7,1,0,1,0,0,
3cdd7de3414bf79091d40d33df983e13,sx3bb6,hxpsl46,Cool. We have that in common then I guess. ‚úåüèºüëçüèº,False,1645373160.0,t3_sx3bb6,t1_hxpro7c,,8,1,0,1,0,0,
3cdd7de3414bf79091d40d33df983e13,sx3bb6,hxptl32,"Massage your brain some and connect the dots. We overspend on military overseas and law enforcement here. More posturing from the US as Earth‚Äôs bulldog. We don‚Äôt belong in this conflict and we need to defund the police. 

It just amazes me how a brewing Cold War attracts all these watchful Americans. So I wondered if any of y‚Äôall marched in the historic 2020 marches and followed through. Because if we could get this type of energy into problems in our own backyard, we could be number one at something else besides our army and COVID deaths.",False,1645373568.0,t3_sx3bb6,t1_hxpt2hg,,8,1,0,1,0,0,
